Economy_Code,Economy_Label,Economy_IsTarget,Economy_ValidFrom,Economy_ValidTo,Economy_Level,Economy_Hidden,Economy_Expand,Economy_Note,Economy_Order,Year,ShipType_Code,ShipType_Label,ShipType_Level,ShipType_Hidden,ShipType_Expand,ShipType_Note,ShipType_Order,M5011_Value,M5011_Footnote_Code,M5011_Footnote_Text,M5011_MissingValue_Code,M5011_MissingValue_Label,M2300_Value,M2300_Footnote_Code,M2300_Footnote_Text,M2300_MissingValue_Code,M2300_MissingValue_Label,M5041_Value,M5041_Footnote_Code,M5041_Footnote_Text,M5041_MissingValue_Code,M5041_MissingValue_Label,M6900_Value,M6900_Footnote_Code,M6900_Footnote_Text,M6900_MissingValue_Code,M6900_MissingValue_Label,M7000_Value,M7000_Footnote_Code,M7000_Footnote_Text,M7000_MissingValue_Code,M7000_MissingValue_Label,M3762_Value,M3762_Footnote_Code,M3762_Footnote_Text,M3762_MissingValue_Code,M3762_MissingValue_Label
024,"Angola",True,1940,2102,5,True,True,,38,1980,0,"Total fleet",0,False,True,,1,0.01427730969879289,0,,,,95971,0,,,,100,0,,,,,,,..,"No value reported or collected",,,,..,"No value reported or collected",,,,..,"No value reported or collected"
024,"Angola",True,1940,2102,5,True,True,,38,1980,1,"Oil tankers",1,False,True,,2,0.0008877170130024562,0,,,,3000,0,,,,3.125944295672651,0,,,,,,,..,"No value reported or collected",,,,..,"No value reported or collected",,,,..,"No value reported or collected"
024,"Angola",True,1940,2102,5,True,True,,38,1980,3,"General cargo",1,False,True,,4,0.08147046190176954,0,,,,91932,0,,,,95.79143699659272,0,,,,,,,..,"No value reported or collected",,,,..,"No value reported or collected",,,,..,"No value reported or collected"
024,"Angola",True,1940,2102,5,True,True,,38,1980,5,"Other types of ships",1,False,True,,6,0.003553881738445386,0,,,,1039,0,,,,1.082618707734628,0,,,,,,,..,"No value reported or collected",,,,..,"No value reported or collected",,,,..,"No value reported or collected"
024,"Angola",True,1940,2102,5,True,True,,38,1981,0,"Total fleet",0,False,True,,1,0.014253375501501261,0,,,,96888,0,,,,100,0,,,,,,,..,"No value reported or collected",,,,..,"No value reported or collected",,,,..,"No value reported or collected"
024,"Angola",True,1940,2102,5,True,True,,38,1981,1,"Oil tankers",1,False,True,,2,0.0012475406728746593,0,,,,4225,0,,,,4.360705144083891,0,,,,,,,..,"No value reported or collected",,,,..,"No value reported or collected",,,,..,"No value reported or collected"
024,"Angola",True,1940,2102,5,True,True,,38,1981,3,"General cargo",1,False,True,,4,0.08001630125860065,0,,,,91885,0,,,,94.83630583766823,0,,,,,,,..,"No value reported or collected",,,,..,"No value reported or collected",,,,..,"No value reported or collected"
024,"Angola",True,1940,2102,5,True,True,,38,1981,5,"Other types of ships",1,False,True,,6,0.002534710465203752,0,,,,778,0,,,,0.8029890182478738,0,,,,,,,..,"No value reported or collected",,,,..,"No value reported or collected",,,,..,"No value reported or collected"
024,"Angola",True,1940,2102,5,True,True,,38,1982,0,"Total fleet",0,False,True,,1,0.017225438372181847,0,,,,118176,0,,,,100,0,,,,,,,..,"No value reported or collected",,,,..,"No value reported or collected",,,,..,"No value reported or collected"
024,"Angola",True,1940,2102,5,True,True,,38,1982,1,"Oil tankers",1,False,True,,2,0.0009082640939521782,0,,,,3036,0,,,,2.569049553208773,0,,,,,,,..,"No value reported or collected",,,,..,"No value reported or collected",,,,..,"No value reported or collected"
024,"Angola",True,1940,2102,5,True,True,,38,1982,3,"General cargo",1,False,True,,4,0.09915102442862801,0,,,,112332,0,,,,95.05483346872461,0,,,,,,,..,"No value reported or collected",,,,..,"No value reported or collected",,,,..,"No value reported or collected"
024,"Angola",True,1940,2102,5,True,True,,38,1982,5,"Other types of ships",1,False,True,,6,0.0084650245564092,0,,,,2808,0,,,,2.3761169780666123,0,,,,,,,..,"No value reported or collected",,,,..,"No value reported or collected",,,,..,"No value reported or collected"
024,"Angola",True,1940,2102,5,True,True,,38,1983,0,"Total fleet",0,False,True,,1,0.019183359583224473,0,,,,132384,0,,,,100,0,,,,,,,..,"No value reported or collected",,,,..,"No value reported or collected",,,,..,"No value reported or collected"
024,"Angola",True,1940,2102,5,True,True,,38,1983,1,"Oil tankers",1,False,True,,2,0.0009379832855765652,0,,,,3036,0,,,,2.2933284989122553,0,,,,,,,..,"No value reported or collected",,,,..,"No value reported or collected",,,,..,"No value reported or collected"
024,"Angola",True,1940,2102,5,True,True,,38,1983,3,"General cargo",1,False,True,,4,0.11057561934018152,0,,,,125248,0,,,,94.60962049794537,0,,,,,,,..,"No value reported or collected",,,,..,"No value reported or collected",,,,..,"No value reported or collected"
024,"Angola",True,1940,2102,5,True,True,,38,1983,5,"Other types of ships",1,False,True,,6,0.011479647299316376,0,,,,4100,0,,,,3.097051003142374,0,,,,,,,..,"No value reported or collected",,,,..,"No value reported or collected",,,,..,"No value reported or collected"
024,"Angola",True,1940,2102,5,True,True,,38,1984,0,"Total fleet",0,False,True,,1,0.019574947366249273,0,,,,133416,0,,,,100,0,,,,,,,..,"No value reported or collected",,,,..,"No value reported or collected",,,,..,"No value reported or collected"
024,"Angola",True,1940,2102,5,True,True,,38,1984,1,"Oil tankers",1,False,True,,2,0.0009970689096951305,0,,,,3036,0,,,,2.2755891347364634,0,,,,,,,..,"No value reported or collected",,,,..,"No value reported or collected",,,,..,"No value reported or collected"
024,"Angola",True,1940,2102,5,True,True,,38,1984,3,"General cargo",1,False,True,,4,0.11196548021858406,0,,,,125248,0,,,,93.8777957666247,0,,,,,,,..,"No value reported or collected",,,,..,"No value reported or collected",,,,..,"No value reported or collected"
024,"Angola",True,1940,2102,5,True,True,,38,1984,5,"Other types of ships",1,False,True,,6,0.013432618496595267,0,,,,5132,0,,,,3.846615098638844,0,,,,,,,..,"No value reported or collected",,,,..,"No value reported or collected",,,,..,"No value reported or collected"
024,"Angola",True,1940,2102,5,True,True,,38,1985,0,"Total fleet",0,False,True,,1,0.020737262072975653,0,,,,138555,0,,,,100,0,,,,,,,..,"No value reported or collected",,,,..,"No value reported or collected",,,,..,"No value reported or collected"
024,"Angola",True,1940,2102,5,True,True,,38,1985,1,"Oil tankers",1,False,True,,2,0.0010654470166657076,0,,,,3036,0,,,,2.1911876150265237,0,,,,,,,..,"No value reported or collected",,,,..,"No value reported or collected",,,,..,"No value reported or collected"
024,"Angola",True,1940,2102,5,True,True,,38,1985,3,"General cargo",1,False,True,,4,0.1167970750328855,0,,,,126501,0,,,,91.30020569448956,0,,,,,,,..,"No value reported or collected",,,,..,"No value reported or collected",,,,..,"No value reported or collected"
024,"Angola",True,1940,2102,5,True,True,,38,1985,5,"Other types of ships",1,False,True,,6,0.023063342865056426,0,,,,9018,0,,,,6.508606690483923,0,,,,,,,..,"No value reported or collected",,,,..,"No value reported or collected",,,,..,"No value reported or collected"
024,"Angola",True,1940,2102,5,True,True,,38,1986,0,"Total fleet",0,False,True,,1,0.019474965142523556,0,,,,127431,0,,,,100,0,,,,,,,..,"No value reported or collected",,,,..,"No value reported or collected",,,,..,"No value reported or collected"
024,"Angola",True,1940,2102,5,True,True,,38,1986,1,"Oil tankers",1,False,True,,2,0.0011724843413866582,0,,,,3036,0,,,,2.3824658050238954,0,,,,,,,..,"No value reported or collected",,,,..,"No value reported or collected",,,,..,"No value reported or collected"
024,"Angola",True,1940,2102,5,True,True,,38,1986,3,"General cargo",1,False,True,,4,0.10863541410382227,0,,,,112895,0,,,,88.59304250927953,0,,,,,,,..,"No value reported or collected",,,,..,"No value reported or collected",,,,..,"No value reported or collected"
024,"Angola",True,1940,2102,5,True,True,,38,1986,5,"Other types of ships",1,False,True,,6,0.025447724498774426,0,,,,11500,0,,,,9.024491685696573,0,,,,,,,..,"No value reported or collected",,,,..,"No value reported or collected",,,,..,"No value reported or collected"
024,"Angola",True,1940,2102,5,True,True,,38,1987,0,"Total fleet",0,False,True,,1,0.020155549609093833,0,,,,127431,0,,,,100,0,,,,,,,..,"No value reported or collected",,,,..,"No value reported or collected",,,,..,"No value reported or collected"
024,"Angola",True,1940,2102,5,True,True,,38,1987,1,"Oil tankers",1,False,True,,2,0.0012748560823534858,0,,,,3036,0,,,,2.3824658050238954,0,,,,,,,..,"No value reported or collected",,,,..,"No value reported or collected",,,,..,"No value reported or collected"
024,"Angola",True,1940,2102,5,True,True,,38,1987,3,"General cargo",1,False,True,,4,0.11264495186230558,0,,,,112895,0,,,,88.59304250927953,0,,,,,,,..,"No value reported or collected",,,,..,"No value reported or collected",,,,..,"No value reported or collected"
024,"Angola",True,1940,2102,5,True,True,,38,1987,5,"Other types of ships",1,False,True,,6,0.024613015970679775,0,,,,11500,0,,,,9.024491685696573,0,,,,,,,..,"No value reported or collected",,,,..,"No value reported or collected",,,,..,"No value reported or collected"
024,"Angola",True,1940,2102,5,True,True,,38,1988,0,"Total fleet",0,False,True,,1,0.02004525217438238,0,,,,125292,0,,,,100,0,,,,,,,..,"No value reported or collected",,,,..,"No value reported or collected",,,,..,"No value reported or collected"
024,"Angola",True,1940,2102,5,True,True,,38,1988,1,"Oil tankers",1,False,True,,2,0.001292418799457448,0,,,,3036,0,,,,2.423139546020496,0,,,,,,,..,"No value reported or collected",,,,..,"No value reported or collected",,,,..,"No value reported or collected"
024,"Angola",True,1940,2102,5,True,True,,38,1988,3,"General cargo",1,False,True,,4,0.11320432072614044,0,,,,109933,0,,,,87.74143600549117,0,,,,,,,..,"No value reported or collected",,,,..,"No value reported or collected",,,,..,"No value reported or collected"
024,"Angola",True,1940,2102,5,True,True,,38,1988,5,"Other types of ships",1,False,True,,6,0.02573807689801347,0,,,,12323,0,,,,9.83542444848833,0,,,,,,,..,"No value reported or collected",,,,..,"No value reported or collected",,,,..,"No value reported or collected"
024,"Angola",True,1940,2102,5,True,True,,38,1989,0,"Total fleet",0,False,True,,1,0.019639967017124754,0,,,,121912,0,,,,100,0,,,,,,,..,"No value reported or collected",,,,..,"No value reported or collected",,,,..,"No value reported or collected"
024,"Angola",True,1940,2102,5,True,True,,38,1989,1,"Oil tankers",1,False,True,,2,0.001299610011692124,0,,,,3036,0,,,,2.4903208871973224,0,,,,,,,..,"No value reported or collected",,,,..,"No value reported or collected",,,,..,"No value reported or collected"
024,"Angola",True,1940,2102,5,True,True,,38,1989,3,"General cargo",1,False,True,,4,0.11253503239664095,0,,,,105553,0,,,,86.58130454754249,0,,,,,,,..,"No value reported or collected",,,,..,"No value reported or collected",,,,..,"No value reported or collected"
024,"Angola",True,1940,2102,5,True,True,,38,1989,5,"Other types of ships",1,False,True,,6,0.027412029718730517,0,,,,13323,0,,,,10.928374565260187,0,,,,,,,..,"No value reported or collected",,,,..,"No value reported or collected",,,,..,"No value reported or collected"
024,"Angola",True,1940,2102,5,True,True,,38,1990,0,"Total fleet",0,False,True,,1,0.019365817110493098,0,,,,122000,0,,,,100,0,,,,,,,..,"No value reported or collected",,,,..,"No value reported or collected",,,,..,"No value reported or collected"
024,"Angola",True,1940,2102,5,True,True,,38,1990,1,"Oil tankers",1,False,True,,2,0.0008482303793710371,0,,,,2000,0,,,,1.639344262295082,0,,,,,,,..,"No value reported or collected",,,,..,"No value reported or collected",,,,..,"No value reported or collected"
024,"Angola",True,1940,2102,5,True,True,,38,1990,3,"General cargo",1,False,True,,4,0.10551778372836138,0,,,,106000,0,,,,86.88524590163934,0,,,,,,,..,"No value reported or collected",,,,..,"No value reported or collected",,,,..,"No value reported or collected"
024,"Angola",True,1940,2102,5,True,True,,38,1990,5,"Other types of ships",1,False,True,,6,0.029307096504082062,0,,,,14000,0,,,,11.475409836065573,0,,,,,,,..,"No value reported or collected",,,,..,"No value reported or collected",,,,..,"No value reported or collected"
024,"Angola",True,1940,2102,5,True,True,,38,1991,0,"Total fleet",0,False,True,,1,0.018732284939549995,0,,,,122000,0,,,,100,0,,,,,,,..,"No value reported or collected",,,,..,"No value reported or collected",,,,..,"No value reported or collected"
024,"Angola",True,1940,2102,5,True,True,,38,1991,1,"Oil tankers",1,False,True,,2,0.0008169333954202713,0,,,,2000,0,,,,1.639344262295082,0,,,,,,,..,"No value reported or collected",,,,..,"No value reported or collected",,,,..,"No value reported or collected"
024,"Angola",True,1940,2102,5,True,True,,38,1991,3,"General cargo",1,False,True,,4,0.10478997933580782,0,,,,107000,0,,,,87.70491803278688,0,,,,,,,..,"No value reported or collected",,,,..,"No value reported or collected",,,,..,"No value reported or collected"
024,"Angola",True,1940,2102,5,True,True,,38,1991,5,"Other types of ships",1,False,True,,6,0.025632936351447276,0,,,,13000,0,,,,10.655737704918032,0,,,,,,,..,"No value reported or collected",,,,..,"No value reported or collected",,,,..,"No value reported or collected"
024,"Angola",True,1940,2102,5,True,True,,38,1992,0,"Total fleet",0,False,True,,1,0.01820331610812031,0,,,,122767,0,,,,100,0,,,,,,,..,"No value reported or collected",,,,..,"No value reported or collected",,,,..,"No value reported or collected"
024,"Angola",True,1940,2102,5,True,True,,38,1992,1,"Oil tankers",1,False,True,,2,0.0008941659613799004,0,,,,2286,0,,,,1.8620639096825695,0,,,,,,,..,"No value reported or collected",,,,..,"No value reported or collected",,,,..,"No value reported or collected"
024,"Angola",True,1940,2102,5,True,True,,38,1992,3,"General cargo",1,False,True,,4,0.10364639349945676,0,,,,106685,0,,,,86.90038854089454,0,,,,,,,..,"No value reported or collected",,,,..,"No value reported or collected",,,,..,"No value reported or collected"
024,"Angola",True,1940,2102,5,True,True,,38,1992,5,"Other types of ships",1,False,True,,6,0.02630958605863502,0,,,,13796,0,,,,11.23754754942289,0,,,,,,,..,"No value reported or collected",,,,..,"No value reported or collected",,,,..,"No value reported or collected"
024,"Angola",True,1940,2102,5,True,True,,38,1993,0,"Total fleet",0,False,True,,1,0.018062016896559768,0,,,,123479,0,,,,100,0,,,,,,,..,"No value reported or collected",,,,..,"No value reported or collected",,,,..,"No value reported or collected"
024,"Angola",True,1940,2102,5,True,True,,38,1993,1,"Oil tankers",1,False,True,,2,0.0008755886035225871,0,,,,2286,0,,,,1.8513269462823638,0,,,,,,,..,"No value reported or collected",,,,..,"No value reported or collected",,,,..,"No value reported or collected"
024,"Angola",True,1940,2102,5,True,True,,38,1993,3,"General cargo",1,False,True,,4,0.10415924556715682,0,,,,108527,0,,,,87.8910583985941,0,,,,,,,..,"No value reported or collected",,,,..,"No value reported or collected",,,,..,"No value reported or collected"
024,"Angola",True,1940,2102,5,True,True,,38,1993,5,"Other types of ships",1,False,True,,6,0.023532552760824933,0,,,,12666,0,,,,10.257614655123543,0,,,,,,,..,"No value reported or collected",,,,..,"No value reported or collected",,,,..,"No value reported or collected"
024,"Angola",True,1940,2102,5,True,True,,38,1994,0,"Total fleet",0,False,True,,1,0.016587768702806746,0,,,,116072,0,,,,100,0,,,,,,,..,"No value reported or collected",,,,..,"No value reported or collected",,,,..,"No value reported or collected"
024,"Angola",True,1940,2102,5,True,True,,38,1994,1,"Oil tankers",1,False,True,,2,0.0009896419505873296,0,,,,2665,0,,,,2.295988696671032,0,,,,,,,..,"No value reported or collected",,,,..,"No value reported or collected",,,,..,"No value reported or collected"
024,"Angola",True,1940,2102,5,True,True,,38,1994,3,"General cargo",1,False,True,,4,0.09456931746199153,0,,,,100419,0,,,,86.51440485216074,0,,,,,,,..,"No value reported or collected",,,,..,"No value reported or collected",,,,..,"No value reported or collected"
024,"Angola",True,1940,2102,5,True,True,,38,1994,5,"Other types of ships",1,False,True,,6,0.023452328681894622,0,,,,12988,0,,,,11.18960645116824,0,,,,,,,..,"No value reported or collected",,,,..,"No value reported or collected",,,,..,"No value reported or collected"
024,"Angola",True,1940,2102,5,True,True,,38,1995,0,"Total fleet",0,False,True,,1,0.016176916510779137,0,,,,116347,0,,,,100,0,,,,,,,..,"No value reported or collected",,,,..,"No value reported or collected",,,,..,"No value reported or collected"
024,"Angola",True,1940,2102,5,True,True,,38,1995,1,"Oil tankers",1,False,True,,2,0.0009836037535633168,0,,,,2665,0,,,,2.2905618537650305,0,,,,,,,..,"No value reported or collected",,,,..,"No value reported or collected",,,,..,"No value reported or collected"
024,"Angola",True,1940,2102,5,True,True,,38,1995,3,"General cargo",1,False,True,,4,0.0970205355737616,0,,,,100419,0,,,,86.30991774605276,0,,,,,,,..,"No value reported or collected",,,,..,"No value reported or collected",,,,..,"No value reported or collected"
024,"Angola",True,1940,2102,5,True,True,,38,1995,5,"Other types of ships",1,False,True,,6,0.02380930197815393,0,,,,13263,0,,,,11.399520400182213,0,,,,,,,..,"No value reported or collected",,,,..,"No value reported or collected",,,,..,"No value reported or collected"
024,"Angola",True,1940,2102,5,True,True,,38,1996,0,"Total fleet",0,False,True,,1,0.01586701561348304,0,,,,116126,0,,,,100,0,,,,,,,..,"No value reported or collected",,,,..,"No value reported or collected",,,,..,"No value reported or collected"
024,"Angola",True,1940,2102,5,True,True,,38,1996,1,"Oil tankers",1,False,True,,2,0.0009992194277802162,0,,,,2665,0,,,,2.294921034049222,0,,,,,,,..,"No value reported or collected",,,,..,"No value reported or collected",,,,..,"No value reported or collected"
024,"Angola",True,1940,2102,5,True,True,,38,1996,3,"General cargo",1,False,True,,4,0.09684002505481894,0,,,,99796,0,,,,85.93768837297418,0,,,,,,,..,"No value reported or collected",,,,..,"No value reported or collected",,,,..,"No value reported or collected"
024,"Angola",True,1940,2102,5,True,True,,38,1996,5,"Other types of ships",1,False,True,,6,0.023916810873455582,0,,,,13665,0,,,,11.767390592976595,0,,,,,,,..,"No value reported or collected",,,,..,"No value reported or collected",,,,..,"No value reported or collected"
024,"Angola",True,1940,2102,5,True,True,,38,1997,0,"Total fleet",0,False,True,,1,0.0138148132094145,0,,,,104343,0,,,,100,0,,,,,,,..,"No value reported or collected",,,,..,"No value reported or collected",,,,..,"No value reported or collected"
024,"Angola",True,1940,2102,5,True,True,,38,1997,1,"Oil tankers",1,False,True,,2,0.0009837612541595336,0,,,,2665,0,,,,2.554076459369579,0,,,,,,,..,"No value reported or collected",,,,..,"No value reported or collected",,,,..,"No value reported or collected"
024,"Angola",True,1940,2102,5,True,True,,38,1997,3,"General cargo",1,False,True,,4,0.0843223928373834,0,,,,87321,0,,,,83.6864955004169,0,,,,,,,..,"No value reported or collected",,,,..,"No value reported or collected",,,,..,"No value reported or collected"
024,"Angola",True,1940,2102,5,True,True,,38,1997,5,"Other types of ships",1,False,True,,6,0.023766740098504918,0,,,,14357,0,,,,13.759428040213525,0,,,,,,,..,"No value reported or collected",,,,..,"No value reported or collected",,,,..,"No value reported or collected"
024,"Angola",True,1940,2102,5,True,True,,38,1998,0,"Total fleet",0,False,True,,1,0.010319989431589623,0,,,,79753,0,,,,100,0,,,,,,,..,"No value reported or collected",,,,..,"No value reported or collected",,,,..,"No value reported or collected"
024,"Angola",True,1940,2102,5,True,True,,38,1998,1,"Oil tankers",1,False,True,,2,0.0009811022658554988,0,,,,2665,0,,,,3.34156708838539,0,,,,,,,..,"No value reported or collected",,,,..,"No value reported or collected",,,,..,"No value reported or collected"
024,"Angola",True,1940,2102,5,True,True,,38,1998,3,"General cargo",1,False,True,,4,0.060749824059804655,0,,,,62307,0,,,,78.12496081652101,0,,,,,,,..,"No value reported or collected",,,,..,"No value reported or collected",,,,..,"No value reported or collected"
024,"Angola",True,1940,2102,5,True,True,,38,1998,5,"Other types of ships",1,False,True,,6,0.02365973431595796,0,,,,14781,0,,,,18.5334720950936,0,,,,,,,..,"No value reported or collected",,,,..,"No value reported or collected",,,,..,"No value reported or collected"
024,"Angola",True,1940,2102,5,True,True,,38,1999,0,"Total fleet",0,False,True,,1,0.010504614288329089,0,,,,82496,0,,,,100,0,,,,,,,..,"No value reported or collected",,,,..,"No value reported or collected",,,,..,"No value reported or collected"
024,"Angola",True,1940,2102,5,True,True,,38,1999,1,"Oil tankers",1,False,True,,2,0.0009508453621812799,0,,,,2665,0,,,,3.2304596586501164,0,,,,,,,..,"No value reported or collected",,,,..,"No value reported or collected",,,,..,"No value reported or collected"
024,"Angola",True,1940,2102,5,True,True,,38,1999,3,"General cargo",1,False,True,,4,0.06236029837736059,0,,,,63456,0,,,,76.9200930954228,0,,,,,,,..,"No value reported or collected",,,,..,"No value reported or collected",,,,..,"No value reported or collected"
024,"Angola",True,1940,2102,5,True,True,,38,1999,5,"Other types of ships",1,False,True,,6,0.024276307700947377,0,,,,16375,0,,,,19.849447245927077,0,,,,,,,..,"No value reported or collected",,,,..,"No value reported or collected",,,,..,"No value reported or collected"
024,"Angola",True,1940,2102,5,True,True,,38,2000,0,"Total fleet",0,False,True,,1,0.008780494385385513,0,,,,69697,0,,,,100,0,,,,,,,..,"No value reported or collected",,,,..,"No value reported or collected",,,,..,"No value reported or collected"
024,"Angola",True,1940,2102,5,True,True,,38,2000,1,"Oil tankers",1,False,True,,2,0.001597862528379591,0,,,,4523,0,,,,6.489518917600471,0,,,,,,,..,"No value reported or collected",,,,..,"No value reported or collected",,,,..,"No value reported or collected"
024,"Angola",True,1940,2102,5,True,True,,38,2000,3,"General cargo",1,False,True,,4,0.047445019785930624,0,,,,48166,0,,,,69.10770908360475,0,,,,,,,..,"No value reported or collected",,,,..,"No value reported or collected",,,,..,"No value reported or collected"
024,"Angola",True,1940,2102,5,True,True,,38,2000,5,"Other types of ships",1,False,True,,6,0.0239011946423606,0,,,,17008,0,,,,24.402771998794783,0,,,,,,,..,"No value reported or collected",,,,..,"No value reported or collected",,,,..,"No value reported or collected"
024,"Angola",True,1940,2102,5,True,True,,38,2001,0,"Total fleet",0,False,True,,1,0.0087197915139704,0,,,,70000,0,,,,100,0,,,,,,,..,"No value reported or collected",,,,..,"No value reported or collected",,,,..,"No value reported or collected"
024,"Angola",True,1940,2102,5,True,True,,38,2001,1,"Oil tankers",1,False,True,,2,0.0017552215673931311,0,,,,5000,0,,,,7.142857142857142,0,,,,,,,..,"No value reported or collected",,,,..,"No value reported or collected",,,,..,"No value reported or collected"
024,"Angola",True,1940,2102,5,True,True,,38,2001,3,"General cargo",1,False,True,,4,0.04805037024211741,0,,,,48000,0,,,,68.57142857142857,0,,,,,,,..,"No value reported or collected",,,,..,"No value reported or collected",,,,..,"No value reported or collected"
024,"Angola",True,1940,2102,5,True,True,,38,2001,5,"Other types of ships",1,False,True,,6,0.024794147321106144,0,,,,17000,0,,,,24.285714285714285,0,,,,,,,..,"No value reported or collected",,,,..,"No value reported or collected",,,,..,"No value reported or collected"
024,"Angola",True,1940,2102,5,True,True,,38,2002,0,"Total fleet",0,False,True,,1,0.007907432442586331,0,,,,65000,0,,,,100,0,,,,,,,..,"No value reported or collected",,,,..,"No value reported or collected",,,,..,"No value reported or collected"
024,"Angola",True,1940,2102,5,True,True,,38,2002,1,"Oil tankers",1,False,True,,2,0.001748242945909643,0,,,,5000,0,,,,7.6923076923076925,0,,,,,,,..,"No value reported or collected",,,,..,"No value reported or collected",,,,..,"No value reported or collected"
024,"Angola",True,1940,2102,5,True,True,,38,2002,3,"General cargo",1,False,True,,4,0.043890271937541386,0,,,,42000,0,,,,64.61538461538461,0,,,,,,,..,"No value reported or collected",,,,..,"No value reported or collected",,,,..,"No value reported or collected"
024,"Angola",True,1940,2102,5,True,True,,38,2002,5,"Other types of ships",1,False,True,,6,0.02638979548832139,0,,,,18000,0,,,,27.692307692307693,0,,,,,,,..,"No value reported or collected",,,,..,"No value reported or collected",,,,..,"No value reported or collected"
024,"Angola",True,1940,2102,5,True,True,,38,2003,0,"Total fleet",0,False,True,,1,0.006058914136733903,0,,,,51000,0,,,,100,0,,,,,,,..,"No value reported or collected",,,,..,"No value reported or collected",,,,..,"No value reported or collected"
024,"Angola",True,1940,2102,5,True,True,,38,2003,1,"Oil tankers",1,False,True,,2,0.0016197841734775893,0,,,,5000,0,,,,9.803921568627452,0,,,,,,,..,"No value reported or collected",,,,..,"No value reported or collected",,,,..,"No value reported or collected"
024,"Angola",True,1940,2102,5,True,True,,38,2003,3,"General cargo",1,False,True,,4,0.029028476904741612,0,,,,28000,0,,,,54.90196078431373,0,,,,,,,..,"No value reported or collected",,,,..,"No value reported or collected",,,,..,"No value reported or collected"
024,"Angola",True,1940,2102,5,True,True,,38,2003,5,"Other types of ships",1,False,True,,6,0.03148323667192594,0,,,,18000,0,,,,35.294117647058826,0,,,,,,,..,"No value reported or collected",,,,..,"No value reported or collected",,,,..,"No value reported or collected"
024,"Angola",True,1940,2102,5,True,True,,38,2004,0,"Total fleet",0,False,True,,1,0.0037206450237299094,0,,,,32134,0,,,,100,0,,,,,,,..,"No value reported or collected",,,,..,"No value reported or collected",,,,..,"No value reported or collected"
024,"Angola",True,1940,2102,5,True,True,,38,2004,1,"Oil tankers",1,False,True,,2,0.0006976283374647256,0,,,,2237,0,,,,6.96147382834381,0,,,,,,,..,"No value reported or collected",,,,..,"No value reported or collected",,,,..,"No value reported or collected"
024,"Angola",True,1940,2102,5,True,True,,38,2004,3,"General cargo",1,False,True,,4,0.013077358320190427,0,,,,12336,0,,,,38.38924503641004,0,,,,,,,..,"No value reported or collected",,,,..,"No value reported or collected",,,,..,"No value reported or collected"
024,"Angola",True,1940,2102,5,True,True,,38,2004,5,"Other types of ships",1,False,True,,6,0.036492453661482946,0,,,,17561,0,,,,54.649281135246156,0,,,,,,,..,"No value reported or collected",,,,..,"No value reported or collected",,,,..,"No value reported or collected"
024,"Angola",True,1940,2102,5,True,True,,38,2005,0,"Total fleet",0,False,True,,1,0.0038568585868297353,0,,,,35000,0,,,,100,0,,,,,,,..,"No value reported or collected",,,,..,"No value reported or collected",,,,..,"No value reported or collected"
024,"Angola",True,1940,2102,5,True,True,,38,2005,1,"Oil tankers",1,False,True,,2,0.001173886618652493,0,,,,4000,0,,,,11.428571428571429,0,,,,,,,..,"No value reported or collected",,,,..,"No value reported or collected",,,,..,"No value reported or collected"
024,"Angola",True,1940,2102,5,True,True,,38,2005,3,"General cargo",1,False,True,,4,0.013068045333833347,0,,,,12000,0,,,,34.285714285714285,0,,,,,,,..,"No value reported or collected",,,,..,"No value reported or collected",,,,..,"No value reported or collected"
024,"Angola",True,1940,2102,5,True,True,,38,2005,5,"Other types of ships",1,False,True,,6,0.03877025327422951,0,,,,19000,0,,,,54.285714285714285,0,,,,,,,..,"No value reported or collected",,,,..,"No value reported or collected",,,,..,"No value reported or collected"
024,"Angola",True,1940,2102,5,True,True,,38,2006,0,"Total fleet",0,False,True,,1,0.004432095702162705,0,,,,42770,0,,,,100,0,,,,,,,..,"No value reported or collected",,,,..,"No value reported or collected",,,,..,"No value reported or collected"
024,"Angola",True,1940,2102,5,True,True,,38,2006,1,"Oil tankers",1,False,True,,2,0.0011263398220766109,0,,,,4011,0,,,,9.378068739770868,0,,,,,,,..,"No value reported or collected",,,,..,"No value reported or collected",,,,..,"No value reported or collected"
024,"Angola",True,1940,2102,5,True,True,,38,2006,3,"General cargo",1,False,True,,4,0.012797753172672566,0,,,,12336,0,,,,28.84264671498714,0,,,,,,,..,"No value reported or collected",,,,..,"No value reported or collected",,,,..,"No value reported or collected"
024,"Angola",True,1940,2102,5,True,True,,38,2006,5,"Other types of ships",1,False,True,,6,0.050571688991251654,0,,,,26423,0,,,,61.779284545242,0,,,,,,,..,"No value reported or collected",,,,..,"No value reported or collected",,,,..,"No value reported or collected"
024,"Angola",True,1940,2102,5,True,True,,38,2007,0,"Total fleet",0,False,True,,1,0.004526503855809742,0,,,,47181,0,,,,100,0,,,,,,,..,"No value reported or collected",,,,..,"No value reported or collected",,,,..,"No value reported or collected"
024,"Angola",True,1940,2102,5,True,True,,38,2007,1,"Oil tankers",1,False,True,,2,0.002199098962675463,0,,,,8422,0,,,,17.85040588372438,0,,,,,,,..,"No value reported or collected",,,,..,"No value reported or collected",,,,..,"No value reported or collected"
024,"Angola",True,1940,2102,5,True,True,,38,2007,3,"General cargo",1,False,True,,4,0.012221820090171589,0,,,,12336,0,,,,26.14611814077701,0,,,,,,,..,"No value reported or collected",,,,..,"No value reported or collected",,,,..,"No value reported or collected"
024,"Angola",True,1940,2102,5,True,True,,38,2007,5,"Other types of ships",1,False,True,,6,0.042240024820630565,0,,,,26423,0,,,,56.00347597549861,0,,,,,,,..,"No value reported or collected",,,,..,"No value reported or collected",,,,..,"No value reported or collected"
024,"Angola",True,1940,2102,5,True,True,,38,2008,0,"Total fleet",0,False,True,,1,0.004240911461658334,0,,,,47404,0,,,,100,0,,,,,,,..,"No value reported or collected",,,,..,"No value reported or collected",,,,..,"No value reported or collected"
024,"Angola",True,1940,2102,5,True,True,,38,2008,1,"Oil tankers",1,False,True,,2,0.0020086747781757897,0,,,,8193,0,,,,17.283351615897395,0,,,,,,,..,"No value reported or collected",,,,..,"No value reported or collected",,,,..,"No value reported or collected"
024,"Angola",True,1940,2102,5,True,True,,38,2008,3,"General cargo",1,False,True,,4,0.011693812312492335,0,,,,12336,0,,,,26.023120411779598,0,,,,,,,..,"No value reported or collected",,,,..,"No value reported or collected",,,,..,"No value reported or collected"
024,"Angola",True,1940,2102,5,True,True,,38,2008,5,"Other types of ships",1,False,True,,6,0.0391625072683792,0,,,,26875,0,,,,56.69352797232301,0,,,,,,,..,"No value reported or collected",,,,..,"No value reported or collected",,,,..,"No value reported or collected"
024,"Angola",True,1940,2102,5,True,True,,38,2009,0,"Total fleet",0,False,True,,1,0.004255495019596387,0,,,,50739,0,,,,100,0,,,,,,,..,"No value reported or collected",,,,..,"No value reported or collected",,,,..,"No value reported or collected"
024,"Angola",True,1940,2102,5,True,True,,38,2009,1,"Oil tankers",1,False,True,,2,0.0019587992342173254,0,,,,8193,0,,,,16.147342281085557,0,,,,,,,..,"No value reported or collected",,,,..,"No value reported or collected",,,,..,"No value reported or collected"
024,"Angola",True,1940,2102,5,True,True,,38,2009,3,"General cargo",1,False,True,,4,0.014051141452498426,0,,,,15299,0,,,,30.15234829224068,0,,,,,,,..,"No value reported or collected",,,,..,"No value reported or collected",,,,..,"No value reported or collected"
024,"Angola",True,1940,2102,5,True,True,,38,2009,5,"Other types of ships",1,False,True,,6,0.03209495744364365,0,,,,27247,0,,,,53.70030942667376,0,,,,,,,..,"No value reported or collected",,,,..,"No value reported or collected",,,,..,"No value reported or collected"
024,"Angola",True,1940,2102,5,True,True,,38,2010,0,"Total fleet",0,False,True,,1,0.004091409751328806,0,,,,52212,0,,,,100,0,,,,,,,..,"No value reported or collected",,,,..,"No value reported or collected",,,,..,"No value reported or collected"
024,"Angola",True,1940,2102,5,True,True,,38,2010,1,"Oil tankers",1,False,True,,2,0.0018204535320125908,0,,,,8193,0,,,,15.69179498965755,0,,,,,,,..,"No value reported or collected",,,,..,"No value reported or collected",,,,..,"No value reported or collected"
024,"Angola",True,1940,2102,5,True,True,,38,2010,3,"General cargo",1,False,True,,4,0.014135434500056273,0,,,,15299,0,,,,29.30169309737225,0,,,,,,,..,"No value reported or collected",,,,..,"No value reported or collected",,,,..,"No value reported or collected"
024,"Angola",True,1940,2102,5,True,True,,38,2010,5,"Other types of ships",1,False,True,,6,0.031192926895216043,0,,,,28720,0,,,,55.006511912970204,0,,,,,,,..,"No value reported or collected",,,,..,"No value reported or collected",,,,..,"No value reported or collected"
024,"Angola",True,1940,2102,5,True,True,,38,2011,0,"Total fleet",0,False,True,,1,0.022259020152980747,0,,,,315718,0,,,,100,0,,,,49,0,,,,169692,0,,,,28.39,0,,,
024,"Angola",True,1940,2102,5,True,True,,38,2011,1,"Oil tankers",1,False,True,,2,0.0037779122035198364,0,,,,16627,0,,,,5.2664086304866995,0,,,,8,0,,,,9566,0,,,,30.82,0,,,
024,"Angola",True,1940,2102,5,True,True,,38,2011,2,"Bulk carriers",1,False,True,,3,0,0,,,,0,0,,,,0,0,,,,0,0,,,,0,0,,,,,,,..,"No value reported or collected"
024,"Angola",True,1940,2102,5,True,True,,38,2011,3,"General cargo",1,False,True,,4,0.016988619469302513,0,,,,14001,0,,,,4.434653709956353,0,,,,15,0,,,,10388,0,,,,40.6,0,,,
024,"Angola",True,1940,2102,5,True,True,,38,2011,4,"Container ships",1,False,True,,5,0,0,,,,0,0,,,,0,0,,,,0,0,,,,0,0,,,,,,,..,"No value reported or collected"
024,"Angola",True,1940,2102,5,True,True,,38,2011,5,"Other types of ships",1,False,True,,6,0.17280919081508886,0,,,,285091,0,,,,90.29925439791207,0,,,,26,0,,,,149738,0,,,,20.6,0,,,
024,"Angola",True,1940,2102,5,True,True,,38,2012,0,"Total fleet",0,False,True,,1,0.0024332624947233975,0,,,,37411,0,,,,100,0,,,,43,0,,,,29547,0,,,,31.73,0,,,
024,"Angola",True,1940,2102,5,True,True,,38,2012,1,"Oil tankers",1,False,True,,2,0.003658074458379637,0,,,,16627,0,,,,44.44414744326535,0,,,,8,0,,,,9566,0,,,,31.82,0,,,
024,"Angola",True,1940,2102,5,True,True,,38,2012,2,"Bulk carriers",1,False,True,,3,0,0,,,,0,0,,,,0,0,,,,0,0,,,,0,0,,,,,,,..,"No value reported or collected"
024,"Angola",True,1940,2102,5,True,True,,38,2012,3,"General cargo",1,False,True,,4,0.016811907818360044,0,,,,13402,0,,,,35.823688220042236,0,,,,14,0,,,,9838,0,,,,40.72,0,,,
024,"Angola",True,1940,2102,5,True,True,,38,2012,4,"Container ships",1,False,True,,5,0,0,,,,0,0,,,,0,0,,,,0,0,,,,0,0,,,,,,,..,"No value reported or collected"
024,"Angola",True,1940,2102,5,True,True,,38,2012,5,"Other types of ships",1,False,True,,6,0.004047279106145854,0,,,,7382,0,,,,19.732164336692417,0,,,,21,0,,,,10143,0,,,,25.7,0,,,
024,"Angola",True,1940,2102,5,True,True,,38,2013,0,"Total fleet",0,False,True,,1,0.019262447910978975,0,,,,314754,0,,,,100,0,,,,44,0,,,,168792,0,,,,32.46,0,,,
024,"Angola",True,1940,2102,5,True,True,,38,2013,1,"Oil tankers",1,False,True,,2,0.0035083359471600167,0,,,,16627,0,,,,5.2825381091264925,0,,,,8,0,,,,9566,0,,,,32.82,0,,,
024,"Angola",True,1940,2102,5,True,True,,38,2013,2,"Bulk carriers",1,False,True,,3,0,0,,,,0,0,,,,0,0,,,,0,0,,,,0,0,,,,,,,..,"No value reported or collected"
024,"Angola",True,1940,2102,5,True,True,,38,2013,3,"General cargo",1,False,True,,4,0.016869831151770792,0,,,,13402,0,,,,4.2579284139359626,0,,,,14,0,,,,9838,0,,,,41.72,0,,,
024,"Angola",True,1940,2102,5,True,True,,38,2013,4,"Container ships",1,False,True,,5,0,0,,,,0,0,,,,0,0,,,,0,0,,,,0,0,,,,,,,..,"No value reported or collected"
024,"Angola",True,1940,2102,5,True,True,,38,2013,5,"Other types of ships",1,False,True,,6,0.1542457465607898,0,,,,284725,0,,,,90.45953347693755,0,,,,22,0,,,,149388,0,,,,26.44,0,,,
024,"Angola",True,1940,2102,5,True,True,,38,2014,0,"Total fleet",0,False,True,,1,0.01891953528635849,0,,,,320595,0,,,,100,0,,,,49,0,,,,174197,0,,,,30.11,0,,,
024,"Angola",True,1940,2102,5,True,True,,38,2014,1,"Oil tankers",1,False,True,,2,0.004191792143492795,0,,,,20198,0,,,,6.300160638812209,0,,,,9,0,,,,11971,0,,,,30.23,0,,,
024,"Angola",True,1940,2102,5,True,True,,38,2014,2,"Bulk carriers",1,False,True,,3,0,0,,,,0,0,,,,0,0,,,,0,0,,,,0,0,,,,,,,..,"No value reported or collected"
024,"Angola",True,1940,2102,5,True,True,,38,2014,3,"General cargo",1,False,True,,4,0.01753524873499117,0,,,,13402,0,,,,4.180352157706764,0,,,,14,0,,,,9838,0,,,,42.72,0,,,
024,"Angola",True,1940,2102,5,True,True,,38,2014,4,"Container ships",1,False,True,,5,0,0,,,,0,0,,,,0,0,,,,0,0,,,,0,0,,,,,,,..,"No value reported or collected"
024,"Angola",True,1940,2102,5,True,True,,38,2014,5,"Other types of ships",1,False,True,,6,0.15125033345482408,0,,,,286995,0,,,,89.51948720348103,0,,,,26,0,,,,152388,0,,,,23.28,0,,,
024,"Angola",True,1940,2102,5,True,True,,38,2015,0,"Total fleet",0,False,True,,1,0.01830589305240132,0,,,,320919,0,,,,100,0,,,,52,0,,,,174915,0,,,,29.91,0,,,
024,"Angola",True,1940,2102,5,True,True,,38,2015,1,"Oil tankers",1,False,True,,2,0.004113156875943762,0,,,,20198,0,,,,6.293799993144687,0,,,,9,0,,,,11971,0,,,,31.23,0,,,
024,"Angola",True,1940,2102,5,True,True,,38,2015,2,"Bulk carriers",1,False,True,,3,0,0,,,,0,0,,,,0,0,,,,0,0,,,,0,0,,,,,,,..,"No value reported or collected"
024,"Angola",True,1940,2102,5,True,True,,38,2015,3,"General cargo",1,False,True,,4,0.017631633291917897,0,,,,13402,0,,,,4.1761316718548915,0,,,,14,0,,,,9838,0,,,,43.72,0,,,
024,"Angola",True,1940,2102,5,True,True,,38,2015,4,"Container ships",1,False,True,,5,0,0,,,,0,0,,,,0,0,,,,0,0,,,,0,0,,,,,,,..,"No value reported or collected"
024,"Angola",True,1940,2102,5,True,True,,38,2015,5,"Other types of ships",1,False,True,,6,0.14698931209222946,0,,,,287319,0,,,,89.53006833500042,0,,,,29,0,,,,153106,0,,,,22.84,0,,,
024,"Angola",True,1940,2102,5,True,True,,38,2016,0,"Total fleet",0,False,True,,1,0.01772468805728891,0,,,,321032,0,,,,100,0,,,,55,0,,,,175861,0,,,,29.27,0,,,
024,"Angola",True,1940,2102,5,True,True,,38,2016,1,"Oil tankers",1,False,True,,2,0.003992055031761335,0,,,,20198,0,,,,6.291584639537491,0,,,,9,0,,,,11971,0,,,,32.23,0,,,
024,"Angola",True,1940,2102,5,True,True,,38,2016,2,"Bulk carriers",1,False,True,,3,0,0,,,,0,0,,,,0,0,,,,0,0,,,,0,0,,,,,,,..,"No value reported or collected"
024,"Angola",True,1940,2102,5,True,True,,38,2016,3,"General cargo",1,False,True,,4,0.017523448268386633,0,,,,13402,0,,,,4.1746617159660095,0,,,,14,0,,,,9838,0,,,,44.72,0,,,
024,"Angola",True,1940,2102,5,True,True,,38,2016,4,"Container ships",1,False,True,,5,0,0,,,,0,0,,,,0,0,,,,0,0,,,,0,0,,,,,,,..,"No value reported or collected"
024,"Angola",True,1940,2102,5,True,True,,38,2016,5,"Other types of ships",1,False,True,,6,0.14010798266391353,0,,,,287432,0,,,,89.5337536444965,0,,,,32,0,,,,154052,0,,,,21.68,0,,,
024,"Angola",True,1940,2102,5,True,True,,38,2017,0,"Total fleet",0,False,True,,1,0.017006973139463366,0,,,,317733,0,,,,100,0,,,,55,0,,,,173746,0,,,,30.76,0,,,
024,"Angola",True,1940,2102,5,True,True,,38,2017,1,"Oil tankers",1,False,True,,2,0.00310766871804389,0,,,,16627,0,,,,5.233010105969478,0,,,,8,0,,,,9566,0,,,,36.82,0,,,
024,"Angola",True,1940,2102,5,True,True,,38,2017,2,"Bulk carriers",1,False,True,,3,0,0,,,,0,0,,,,0,0,,,,0,0,,,,0,0,,,,,,,..,"No value reported or collected"
024,"Angola",True,1940,2102,5,True,True,,38,2017,3,"General cargo",1,False,True,,4,0.01774589102248588,0,,,,13402,0,,,,4.218006942936365,0,,,,14,0,,,,9838,0,,,,45.72,0,,,
024,"Angola",True,1940,2102,5,True,True,,38,2017,4,"Container ships",1,False,True,,5,0,0,,,,0,0,,,,0,0,,,,0,0,,,,0,0,,,,,,,..,"No value reported or collected"
024,"Angola",True,1940,2102,5,True,True,,38,2017,5,"Other types of ships",1,False,True,,6,0.13293220370284645,0,,,,287704,0,,,,90.54898295109416,0,,,,33,0,,,,154342,0,,,,22.94,0,,,
024,"Angola",True,1940,2102,5,True,True,,38,2018,0,"Total fleet",0,False,True,,1,0.016396779944132408,0,,,,317733,0,,,,100,0,,,,55,0,,,,173746,0,,,,31.76,0,,,
024,"Angola",True,1940,2102,5,True,True,,38,2018,1,"Oil tankers",1,False,True,,2,0.002952298631269112,0,,,,16627,0,,,,5.233010105969478,0,,,,8,0,,,,9566,0,,,,37.82,0,,,
024,"Angola",True,1940,2102,5,True,True,,38,2018,2,"Bulk carriers",1,False,True,,3,0,0,,,,0,0,,,,0,0,,,,0,0,,,,0,0,,,,,,,..,"No value reported or collected"
024,"Angola",True,1940,2102,5,True,True,,38,2018,3,"General cargo",1,False,True,,4,0.017703730279798727,0,,,,13402,0,,,,4.218006942936365,0,,,,14,0,,,,9838,0,,,,46.72,0,,,
024,"Angola",True,1940,2102,5,True,True,,38,2018,4,"Container ships",1,False,True,,5,0,0,,,,0,0,,,,0,0,,,,0,0,,,,0,0,,,,,,,..,"No value reported or collected"
024,"Angola",True,1940,2102,5,True,True,,38,2018,5,"Other types of ships",1,False,True,,6,0.1293932233901701,0,,,,287704,0,,,,90.54898295109416,0,,,,33,0,,,,154342,0,,,,23.94,0,,,
024,"Angola",True,1940,2102,5,True,True,,38,2019,0,"Total fleet",0,False,True,,1,0.01594091081881433,0,,,,317212,0,,,,100,0,,,,54,0,,,,172797,0,,,,32.35,0,,,
024,"Angola",True,1940,2102,5,True,True,,38,2019,1,"Oil tankers",1,False,True,,2,0.002927096152142244,0,,,,16627,0,,,,5.241604983418029,0,,,,8,0,,,,9566,0,,,,38.82,0,,,
024,"Angola",True,1940,2102,5,True,True,,38,2019,2,"Bulk carriers",1,False,True,,3,0,0,,,,0,0,,,,0,0,,,,0,0,,,,0,0,,,,,,,..,"No value reported or collected"
024,"Angola",True,1940,2102,5,True,True,,38,2019,3,"General cargo",1,False,True,,4,0.0168544774394949,0,,,,12881,0,,,,4.060691272713517,0,,,,13,0,,,,8889,0,,,,47.17,0,,,
024,"Angola",True,1940,2102,5,True,True,,38,2019,4,"Container ships",1,False,True,,5,0,0,,,,0,0,,,,0,0,,,,0,0,,,,0,0,,,,,,,..,"No value reported or collected"
024,"Angola",True,1940,2102,5,True,True,,38,2019,5,"Other types of ships",1,False,True,,6,0.12354644921190744,0,,,,287704,0,,,,90.69770374386846,0,,,,33,0,,,,154342,0,,,,24.94,0,,,
024,"Angola",True,1940,2102,5,True,True,,38,2020,0,"Total fleet",0,False,True,,1,0.015479928492007317,0,,,,320947,0,,,,100,0,,,,54,0,,,,174948,0,,,,33.21,0,,,
024,"Angola",True,1940,2102,5,True,True,,38,2020,1,"Oil tankers",1,False,True,,2,0.0027634648900181857,0,,,,16627,0,,,,5.180606143693507,0,,,,8,0,,,,9566,0,,,,39.82,0,,,
024,"Angola",True,1940,2102,5,True,True,,38,2020,2,"Bulk carriers",1,False,True,,3,0,0,,,,0,0,,,,0,0,,,,0,0,,,,0,0,,,,,,,..,"No value reported or collected"
024,"Angola",True,1940,2102,5,True,True,,38,2020,3,"General cargo",1,False,True,,4,0.016529043335902535,0,,,,12881,0,,,,4.01343524008637,0,,,,13,0,,,,8889,0,,,,48.17,0,,,
024,"Angola",True,1940,2102,5,True,True,,38,2020,4,"Container ships",1,False,True,,5,0,0,,,,0,0,,,,0,0,,,,0,0,,,,0,0,,,,,,,..,"No value reported or collected"
024,"Angola",True,1940,2102,5,True,True,,38,2020,5,"Other types of ships",1,False,True,,6,0.12202170137279199,0,,,,291439,0,,,,90.80595861622012,0,,,,33,0,,,,156493,0,,,,25.71,0,,,
024,"Angola",True,1940,2102,5,True,True,,38,2021,0,"Total fleet",0,False,True,,1,0.015028723647545386,0,,,,321441,0,,,,100,0,,,,61,0,,,,177027,0,,,,30.72,0,,,
024,"Angola",True,1940,2102,5,True,True,,38,2021,1,"Oil tankers",1,False,True,,2,0.00268476815606033,0,,,,16627,0,,,,5.17264443552627,0,,,,8,0,,,,9566,0,,,,40.82,0,,,
024,"Angola",True,1940,2102,5,True,True,,38,2021,2,"Bulk carriers",1,False,True,,3,0,0,,,,0,0,,,,0,0,,,,0,0,,,,0,0,,,,,,,..,"No value reported or collected"
024,"Angola",True,1940,2102,5,True,True,,38,2021,3,"General cargo",1,False,True,,4,0.0163675358966327,0,,,,12881,0,,,,4.007267274554273,0,,,,13,0,,,,8889,0,,,,49.17,0,,,
024,"Angola",True,1940,2102,5,True,True,,38,2021,4,"Container ships",1,False,True,,5,0,0,,,,0,0,,,,0,0,,,,0,0,,,,0,0,,,,,,,..,"No value reported or collected"
024,"Angola",True,1940,2102,5,True,True,,38,2021,5,"Other types of ships",1,False,True,,6,0.11934840829460339,0,,,,291933,0,,,,90.82008828991945,0,,,,40,0,,,,158572,0,,,,22.71,0,,,
024,"Angola",True,1940,2102,5,True,True,,38,2022,0,"Total fleet",0,False,True,,1,0.014607791033763235,0,,,,322291,0,,,,100,0,,,,64,0,,,,177867,0,,,,30.77,0,,,
024,"Angola",True,1940,2102,5,True,True,,38,2022,1,"Oil tankers",1,False,True,,2,0.002634444252505684,0,,,,16627,0,,,,5.159002268136559,0,,,,8,0,,,,9566,0,,,,41.82,0,,,
024,"Angola",True,1940,2102,5,True,True,,38,2022,2,"Bulk carriers",1,False,True,,3,0,0,,,,0,0,,,,0,0,,,,0,0,,,,0,0,,,,,,,..,"No value reported or collected"
024,"Angola",True,1940,2102,5,True,True,,38,2022,3,"General cargo",1,False,True,,4,0.016003755720292816,0,,,,12881,0,,,,3.9966986357049996,0,,,,13,0,,,,8889,0,,,,50.17,0,,,
024,"Angola",True,1940,2102,5,True,True,,38,2022,4,"Container ships",1,False,True,,5,0,0,,,,0,0,,,,0,0,,,,0,0,,,,0,0,,,,,,,..,"No value reported or collected"
024,"Angola",True,1940,2102,5,True,True,,38,2022,5,"Other types of ships",1,False,True,,6,0.11574619208018588,0,,,,292784,0,,,,90.8446093747576,0,,,,43,0,,,,159412,0,,,,22.84,0,,,
024,"Angola",True,1940,2102,5,True,True,,38,2023,0,"Total fleet",0,False,True,,1,0.01402053012008613,0,,,,320127,0,,,,100,0,,,,63,0,,,,176711,0,,,,31.65,0,,,
024,"Angola",True,1940,2102,5,True,True,,38,2023,1,"Oil tankers",1,False,True,,2,0.0022097466290700364,0,,,,14428,0,,,,4.506961299734169,0,,,,7,0,,,,8410,0,,,,43.37,0,,,
024,"Angola",True,1940,2102,5,True,True,,38,2023,2,"Bulk carriers",1,False,True,,3,0,0,,,,0,0,,,,0,0,,,,0,0,,,,0,0,,,,,,,..,"No value reported or collected"
024,"Angola",True,1940,2102,5,True,True,,38,2023,3,"General cargo",1,False,True,,4,0.015253960742242736,0,,,,12881,0,,,,4.023715587876062,0,,,,13,0,,,,8889,0,,,,51.17,0,,,
024,"Angola",True,1940,2102,5,True,True,,38,2023,4,"Container ships",1,False,True,,5,0,0,,,,0,0,,,,0,0,,,,0,0,,,,0,0,,,,,,,..,"No value reported or collected"
024,"Angola",True,1940,2102,5,True,True,,38,2023,5,"Other types of ships",1,False,True,,6,0.11184642559651618,0,,,,292818,0,,,,91.46932311238977,0,,,,43,0,,,,159412,0,,,,23.84,0,,,
024,"Angola",True,1940,2102,5,True,True,,38,2024,0,"Total fleet",0,False,True,,1,0.013562876682979633,0,,,,320127,0,,,,100,0,,,,63,0,,,,176711,0,,,,32.65,0,,,
024,"Angola",True,1940,2102,5,True,True,,38,2024,1,"Oil tankers",1,False,True,,2,0.002168086678037681,0,,,,14428,0,,,,4.506961299734169,0,,,,7,0,,,,8410,0,,,,44.37,0,,,
024,"Angola",True,1940,2102,5,True,True,,38,2024,2,"Bulk carriers",1,False,True,,3,0,0,,,,0,0,,,,0,0,,,,0,0,,,,0,0,,,,,,,..,"No value reported or collected"
024,"Angola",True,1940,2102,5,True,True,,38,2024,3,"General cargo",1,False,True,,4,0.015011251329683265,0,,,,12881,0,,,,4.023715587876062,0,,,,13,0,,,,8889,0,,,,52.17,0,,,
024,"Angola",True,1940,2102,5,True,True,,38,2024,4,"Container ships",1,False,True,,5,0,0,,,,0,0,,,,0,0,,,,0,0,,,,0,0,,,,,,,..,"No value reported or collected"
024,"Angola",True,1940,2102,5,True,True,,38,2024,5,"Other types of ships",1,False,True,,6,0.10799489467816503,0,,,,292818,0,,,,91.46932311238977,0,,,,43,0,,,,159412,0,,,,24.84,0,,,
024,"Angola",True,1940,2102,5,True,True,,38,2025,0,"Total fleet",0,False,True,,1,0.013403757573253775,0,,,,327029,0,,,,100,0,,,,66,0,,,,181550,0,,,,33.17,0,,,
024,"Angola",True,1940,2102,5,True,True,,38,2025,1,"Oil tankers",1,False,True,,2,0.0021539393844971014,0,,,,14428,0,,,,4.411841151702143,0,,,,7,0,,,,8410,0,,,,45.37,0,,,
024,"Angola",True,1940,2102,5,True,True,,38,2025,2,"Bulk carriers",1,False,True,,3,0,0,,,,0,0,,,,0,0,,,,0,0,,,,0,0,,,,,,,..,"No value reported or collected"
024,"Angola",True,1940,2102,5,True,True,,38,2025,3,"General cargo",1,False,True,,4,0.01707836722802028,0,,,,14930,0,,,,4.565344357839825,0,,,,15,0,,,,10144,0,,,,48.08,0,,,
024,"Angola",True,1940,2102,5,True,True,,38,2025,4,"Container ships",1,False,True,,5,0,0,,,,0,0,,,,0,0,,,,0,0,,,,0,0,,,,,,,..,"No value reported or collected"
024,"Angola",True,1940,2102,5,True,True,,38,2025,5,"Other types of ships",1,False,True,,6,0.1053141719899788,0,,,,297671,0,,,,91.02281449045803,0,,,,44,0,,,,162996,0,,,,26.15,0,,,
