area,site_folder,periodicity,filename,extension,size_bytes,site_filepath,source_page,local_path
Comércio Internacional,Comércio Internacional/Anual,Anual,Comercio Externo de Bens por Grandes Categorias Económicas.xlsx,xlsx,20795,Comércio Internacional/Anual/Comercio Externo de Bens por Grandes Categorias Económicas.xlsx,https://www.ine.gov.ao/Diretorios/Ver?caminho=CfDJ8MbFyY-I7dRPifOgqdubFJ-auywtdDQUlZO1LeGtXwhNDXHHJtIhIn2opL6MY3FI2HszusYUheTjAelFzhmQ_Bsjuv4aWulrTictdrI0HKAEu2g3NxFT_uIsD_R1xpBNszTpt92halH3lGxep54qv0E,INE\Comércio Internacional\Anual\Comercio Externo de Bens por Grandes Categorias Económicas.xlsx
Comércio Internacional,Comércio Internacional/Anual,Anual,Comercio Externo de Bens por Países Parceiros.xlsx,xlsx,142574,Comércio Internacional/Anual/Comercio Externo de Bens por Países Parceiros.xlsx,https://www.ine.gov.ao/Diretorios/Ver?caminho=CfDJ8MbFyY-I7dRPifOgqdubFJ-auywtdDQUlZO1LeGtXwhNDXHHJtIhIn2opL6MY3FI2HszusYUheTjAelFzhmQ_Bsjuv4aWulrTictdrI0HKAEu2g3NxFT_uIsD_R1xpBNszTpt92halH3lGxep54qv0E,INE\Comércio Internacional\Anual\Comercio Externo de Bens por Países Parceiros.xlsx
Comércio Internacional,Comércio Internacional/Anual,Anual,Comércio Externos de Bens por Categorias de Produtos.xlsx,xlsx,28835,Comércio Internacional/Anual/Comércio Externos de Bens por Categorias de Produtos.xlsx,https://www.ine.gov.ao/Diretorios/Ver?caminho=CfDJ8MbFyY-I7dRPifOgqdubFJ-auywtdDQUlZO1LeGtXwhNDXHHJtIhIn2opL6MY3FI2HszusYUheTjAelFzhmQ_Bsjuv4aWulrTictdrI0HKAEu2g3NxFT_uIsD_R1xpBNszTpt92halH3lGxep54qv0E,INE\Comércio Internacional\Anual\Comércio Externos de Bens por Categorias de Produtos.xlsx
Comércio Internacional,Comércio Internacional/Trimestral,Trimestral,Comercio Externo de Bens por Grandes Categorias Económicas.xlsx,xlsx,50310,Comércio Internacional/Trimestral/Comercio Externo de Bens por Grandes Categorias Económicas.xlsx,https://www.ine.gov.ao/Diretorios/Ver?caminho=CfDJ8MbFyY-I7dRPifOgqdubFJ8qP9KcV50GuqgcY8yHtel2MVVO4QUyALFt6VQNZFyjTt8UkP8yKdElfer_XNEfh8AXhAoDmDuWv3T1hLRpWTtxUrCeuxxXelBdlFMqHym2tP2VLsfBeSA0Bq4RBiAro3k93MTMC3QxarTsFtaG4jXq,INE\Comércio Internacional\Trimestral\Comercio Externo de Bens por Grandes Categorias Económicas.xlsx
Comércio Internacional,Comércio Internacional/Trimestral,Trimestral,Comercio Externo de Bens por Países Parceiros.xlsx,xlsx,599922,Comércio Internacional/Trimestral/Comercio Externo de Bens por Países Parceiros.xlsx,https://www.ine.gov.ao/Diretorios/Ver?caminho=CfDJ8MbFyY-I7dRPifOgqdubFJ8qP9KcV50GuqgcY8yHtel2MVVO4QUyALFt6VQNZFyjTt8UkP8yKdElfer_XNEfh8AXhAoDmDuWv3T1hLRpWTtxUrCeuxxXelBdlFMqHym2tP2VLsfBeSA0Bq4RBiAro3k93MTMC3QxarTsFtaG4jXq,INE\Comércio Internacional\Trimestral\Comercio Externo de Bens por Países Parceiros.xlsx
Comércio Internacional,Comércio Internacional/Trimestral,Trimestral,Comércio Externo de Bens por Categorias Produtos.xlsx,xlsx,88969,Comércio Internacional/Trimestral/Comércio Externo de Bens por Categorias Produtos.xlsx,https://www.ine.gov.ao/Diretorios/Ver?caminho=CfDJ8MbFyY-I7dRPifOgqdubFJ8qP9KcV50GuqgcY8yHtel2MVVO4QUyALFt6VQNZFyjTt8UkP8yKdElfer_XNEfh8AXhAoDmDuWv3T1hLRpWTtxUrCeuxxXelBdlFMqHym2tP2VLsfBeSA0Bq4RBiAro3k93MTMC3QxarTsFtaG4jXq,INE\Comércio Internacional\Trimestral\Comércio Externo de Bens por Categorias Produtos.xlsx
Economia e Finanças,Economia e Finanças/Contas Nacionais/Anual,Anual,CONTAS NACIONAIS ANUAL_24_03_2026.xlsx,xlsx,232363,Economia e Finanças/Contas Nacionais/Anual/CONTAS NACIONAIS ANUAL_24_03_2026.xlsx,https://www.ine.gov.ao/Diretorios/Ver?caminho=CfDJ8MbFyY-I7dRPifOgqdubFJ-mNWSHowqjx8lc7aimsPJrmykNNlvh82_4EjlTXAfPCgo1_M9qEjUUhCuBYbPJwnlxofUJIWdcKSk-mmXzymOZye5XLFDSumDv7JMg-aOnMeFq76eyQ_w_pEs4wuILh4K3KzzK54gQHiPtF4Y9DtyQ,INE\Economia e Finanças\Contas Nacionais\Anual\CONTAS NACIONAIS ANUAL_24_03_2026.xlsx
Economia e Finanças,Economia e Finanças/Contas Nacionais/Anual,Anual,CORRESPONDÊNCIAS DA NOMECLATURA DE PRODUTOS E ACTIVIDADES.xlsx,xlsx,23419,Economia e Finanças/Contas Nacionais/Anual/CORRESPONDÊNCIAS DA NOMECLATURA DE PRODUTOS E ACTIVIDADES.xlsx,https://www.ine.gov.ao/Diretorios/Ver?caminho=CfDJ8MbFyY-I7dRPifOgqdubFJ-mNWSHowqjx8lc7aimsPJrmykNNlvh82_4EjlTXAfPCgo1_M9qEjUUhCuBYbPJwnlxofUJIWdcKSk-mmXzymOZye5XLFDSumDv7JMg-aOnMeFq76eyQ_w_pEs4wuILh4K3KzzK54gQHiPtF4Y9DtyQ,INE\Economia e Finanças\Contas Nacionais\Anual\CORRESPONDÊNCIAS DA NOMECLATURA DE PRODUTOS E ACTIVIDADES.xlsx
Economia e Finanças,Economia e Finanças/Contas Nacionais/Anual,Anual,PIB Anual por Província.xlsx,xlsx,51364,Economia e Finanças/Contas Nacionais/Anual/PIB Anual por Província.xlsx,https://www.ine.gov.ao/Diretorios/Ver?caminho=CfDJ8MbFyY-I7dRPifOgqdubFJ-mNWSHowqjx8lc7aimsPJrmykNNlvh82_4EjlTXAfPCgo1_M9qEjUUhCuBYbPJwnlxofUJIWdcKSk-mmXzymOZye5XLFDSumDv7JMg-aOnMeFq76eyQ_w_pEs4wuILh4K3KzzK54gQHiPtF4Y9DtyQ,INE\Economia e Finanças\Contas Nacionais\Anual\PIB Anual por Província.xlsx
Economia e Finanças,Economia e Finanças/Contas Nacionais/Trimestral,Trimestral,CONTAS NACIONAIS TRIMESTRAIS.xlsx,xlsx,442873,Economia e Finanças/Contas Nacionais/Trimestral/CONTAS NACIONAIS TRIMESTRAIS.xlsx,https://www.ine.gov.ao/Diretorios/Ver?caminho=CfDJ8MbFyY-I7dRPifOgqdubFJ-TZauAyMQy_x4aYIaTzKKXQuCEJRxqWrq3u_0qAmETkf0YDvZZKfa7QZLARetIE8j4eOHBFI_dLojw1VciJPTidRL2NYN6fX-lCgNs-7fXDJMuyFsgzoPXgFTOF55w_dhvvve7AZlUQmK8RmQvS_9MQlI0YjqlwAWkaZLZMY7RjA,INE\Economia e Finanças\Contas Nacionais\Trimestral\CONTAS NACIONAIS TRIMESTRAIS.xlsx
Economia e Finanças,Economia e Finanças/Inquérito a Construção,Inquérito / irregular,LICENÇAS DE CONSTRUÇÃO.xlsx,xlsx,25886,Economia e Finanças/Inquérito a Construção/LICENÇAS DE CONSTRUÇÃO.xlsx,https://www.ine.gov.ao/Diretorios/Ver?caminho=CfDJ8MbFyY-I7dRPifOgqdubFJ9J8Xsi1w1VU50j91w77fCtOT9GEbU8jGbvy3XYYJyqTXQhcccjU6SiVlzil4foLnaarD95x48UoE3QI_J052QTdOw8dQtLp8ZyCLJJpfrj2Umy9NjcQ7JG_QoH7Gh8y8GQK0PQNNEk3_Y_Q2Uhe1nV,INE\Economia e Finanças\Inquérito a Construção\LICENÇAS DE CONSTRUÇÃO.xlsx
Economia e Finanças,Economia e Finanças/Inquérito a Construção,Inquérito / irregular,OBRAS DE CONSTRUÇÃO (1).xlsx,xlsx,54993,Economia e Finanças/Inquérito a Construção/OBRAS DE CONSTRUÇÃO (1).xlsx,https://www.ine.gov.ao/Diretorios/Ver?caminho=CfDJ8MbFyY-I7dRPifOgqdubFJ9J8Xsi1w1VU50j91w77fCtOT9GEbU8jGbvy3XYYJyqTXQhcccjU6SiVlzil4foLnaarD95x48UoE3QI_J052QTdOw8dQtLp8ZyCLJJpfrj2Umy9NjcQ7JG_QoH7Gh8y8GQK0PQNNEk3_Y_Q2Uhe1nV,INE\Economia e Finanças\Inquérito a Construção\OBRAS DE CONSTRUÇÃO (1).xlsx
Economia e Finanças,Economia e Finanças/Índice de Preços Grossista,Mensal,IPG_Indice Global por Origem2014 (1).xlsx,xlsx,72681,Economia e Finanças/Índice de Preços Grossista/IPG_Indice Global por Origem2014 (1).xlsx,https://www.ine.gov.ao/Diretorios/Ver?caminho=CfDJ8MbFyY-I7dRPifOgqdubFJ_WgDGLfb28lkJV6lqrQZAfTM6exzNqTqHRkMGK3Xa2MOHE9JxlfXShkofvEnKJZVjFDklqTy6qSWeaCQcwefYDTIJGvWJqSYkRl786Sl0bZwx74oweWRO9AUOV8XuuvbSJxD-8GjauK30F3uOYmayAOXlnQFjaNouyaGqLyedOwQ,INE\Economia e Finanças\Índice de Preços Grossista\IPG_Indice Global por Origem2014 (1).xlsx
Economia e Finanças,Economia e Finanças/Índice de Preços Grossista,Mensal,IPG_Indice Global por Origem2025 (1).xlsx,xlsx,74234,Economia e Finanças/Índice de Preços Grossista/IPG_Indice Global por Origem2025 (1).xlsx,https://www.ine.gov.ao/Diretorios/Ver?caminho=CfDJ8MbFyY-I7dRPifOgqdubFJ_WgDGLfb28lkJV6lqrQZAfTM6exzNqTqHRkMGK3Xa2MOHE9JxlfXShkofvEnKJZVjFDklqTy6qSWeaCQcwefYDTIJGvWJqSYkRl786Sl0bZwx74oweWRO9AUOV8XuuvbSJxD-8GjauK30F3uOYmayAOXlnQFjaNouyaGqLyedOwQ,INE\Economia e Finanças\Índice de Preços Grossista\IPG_Indice Global por Origem2025 (1).xlsx
Economia e Finanças,Economia e Finanças/Índice de Preços Grossista,Mensal,IPG_Serie_subclasse_Origem2014.xlsx,xlsx,620258,Economia e Finanças/Índice de Preços Grossista/IPG_Serie_subclasse_Origem2014.xlsx,https://www.ine.gov.ao/Diretorios/Ver?caminho=CfDJ8MbFyY-I7dRPifOgqdubFJ_WgDGLfb28lkJV6lqrQZAfTM6exzNqTqHRkMGK3Xa2MOHE9JxlfXShkofvEnKJZVjFDklqTy6qSWeaCQcwefYDTIJGvWJqSYkRl786Sl0bZwx74oweWRO9AUOV8XuuvbSJxD-8GjauK30F3uOYmayAOXlnQFjaNouyaGqLyedOwQ,INE\Economia e Finanças\Índice de Preços Grossista\IPG_Serie_subclasse_Origem2014.xlsx
Economia e Finanças,Economia e Finanças/Índice de Preços Grossista,Mensal,IPG_Serie_subclasse_Origem2025 (1).xlsx,xlsx,600613,Economia e Finanças/Índice de Preços Grossista/IPG_Serie_subclasse_Origem2025 (1).xlsx,https://www.ine.gov.ao/Diretorios/Ver?caminho=CfDJ8MbFyY-I7dRPifOgqdubFJ_WgDGLfb28lkJV6lqrQZAfTM6exzNqTqHRkMGK3Xa2MOHE9JxlfXShkofvEnKJZVjFDklqTy6qSWeaCQcwefYDTIJGvWJqSYkRl786Sl0bZwx74oweWRO9AUOV8XuuvbSJxD-8GjauK30F3uOYmayAOXlnQFjaNouyaGqLyedOwQ,INE\Economia e Finanças\Índice de Preços Grossista\IPG_Serie_subclasse_Origem2025 (1).xlsx
Economia e Finanças,Economia e Finanças/Índice de Preços de Bens de Exportação e Importação,Mensal,IPEI - Contribuições.xlsx,xlsx,75937,Economia e Finanças/Índice de Preços de Bens de Exportação e Importação/IPEI - Contribuições.xlsx,https://www.ine.gov.ao/Diretorios/Ver?caminho=CfDJ8MbFyY-I7dRPifOgqdubFJ--Zj4slj_4hND7MKsnh8Ud9d9gDyXETNRcQliWWHdmJtU8jDaRd2dvJLsEVOIWWPEegyyNSj61fpIq1O9fc2GRLCZgDSFSCLXkSJ4b_mDXy_G-YKGJ3Hby06RiWQ6hFMRnLSNdfS6mQ9L3U3NqnrYQJMkFH-3pJZODkMKr_IMZtwUz10Ia9G1pnYPgc8bNZJg,INE\Economia e Finanças\Índice de Preços de Bens de Exportação e Importação\IPEI - Contribuições.xlsx
Economia e Finanças,Economia e Finanças/Índice de Preços de Bens de Exportação e Importação,Mensal,IPEI - Termos de Troca.xlsx,xlsx,17301,Economia e Finanças/Índice de Preços de Bens de Exportação e Importação/IPEI - Termos de Troca.xlsx,https://www.ine.gov.ao/Diretorios/Ver?caminho=CfDJ8MbFyY-I7dRPifOgqdubFJ--Zj4slj_4hND7MKsnh8Ud9d9gDyXETNRcQliWWHdmJtU8jDaRd2dvJLsEVOIWWPEegyyNSj61fpIq1O9fc2GRLCZgDSFSCLXkSJ4b_mDXy_G-YKGJ3Hby06RiWQ6hFMRnLSNdfS6mQ9L3U3NqnrYQJMkFH-3pJZODkMKr_IMZtwUz10Ia9G1pnYPgc8bNZJg,INE\Economia e Finanças\Índice de Preços de Bens de Exportação e Importação\IPEI - Termos de Troca.xlsx
Economia e Finanças,Economia e Finanças/Índice de Preços de Bens de Exportação e Importação,Mensal,IPEI - Índices.xlsx,xlsx,71944,Economia e Finanças/Índice de Preços de Bens de Exportação e Importação/IPEI - Índices.xlsx,https://www.ine.gov.ao/Diretorios/Ver?caminho=CfDJ8MbFyY-I7dRPifOgqdubFJ--Zj4slj_4hND7MKsnh8Ud9d9gDyXETNRcQliWWHdmJtU8jDaRd2dvJLsEVOIWWPEegyyNSj61fpIq1O9fc2GRLCZgDSFSCLXkSJ4b_mDXy_G-YKGJ3Hby06RiWQ6hFMRnLSNdfS6mQ9L3U3NqnrYQJMkFH-3pJZODkMKr_IMZtwUz10Ia9G1pnYPgc8bNZJg,INE\Economia e Finanças\Índice de Preços de Bens de Exportação e Importação\IPEI - Índices.xlsx
Economia e Finanças,Economia e Finanças/Índice de Preços de Materiais de Construção,Mensal,INDICE DE PREÇOS DE MATERIAL DE CONSTRUÇÃO (3) (2).xlsx,xlsx,124182,Economia e Finanças/Índice de Preços de Materiais de Construção/INDICE DE PREÇOS DE MATERIAL DE CONSTRUÇÃO (3) (2).xlsx,https://www.ine.gov.ao/Diretorios/Ver?caminho=CfDJ8MbFyY-I7dRPifOgqdubFJ8hFwGOcEtur9eQOp2C9hsRk8_kMhoBhbutCJYpCNkmWOEY1MLAUGhAyJ8Ge8h9MCoyfE6CL6Y1bC4Z311LSYrRextkRIsmOzK1aq8KgYT4S5JK1Rrb5FMbnsYTKYoS5Ovt8WKSb1GlMUwJTyV9YQ5AZPRQItnZRoxwNc-cToMLG6HjLVSF3hbH6N4yxur4Sok,INE\Economia e Finanças\Índice de Preços de Materiais de Construção\INDICE DE PREÇOS DE MATERIAL DE CONSTRUÇÃO (3) (2).xlsx
Economia e Finanças,Economia e Finanças/Índice de Preços no Consumidor Nacional,Mensal,IPCN_VARIAÇÃO MENSAL ACUMULADA HOMOLÓGA POR PROVINCIA (7) (4) (4) (3).xlsx,xlsx,345825,Economia e Finanças/Índice de Preços no Consumidor Nacional/IPCN_VARIAÇÃO MENSAL ACUMULADA HOMOLÓGA POR PROVINCIA (7) (4) (4) (3).xlsx,https://www.ine.gov.ao/Diretorios/Ver?caminho=CfDJ8MbFyY-I7dRPifOgqdubFJ_YBXA44kZADg1-cEgQeIZEVQqrm3pot2prFhtVzAliq9TjvVa57o7Jz1J9_7YicJswas6YxRzKa4jv2mLtcQyiUfCYVByvwYBEIvOy7RQO9jpDFgk_ICeGmNUmVWKsVPp1H5V3vp_SskxH-N2VUaFclFvVkBE8mgfSIvP8gTg2sw,INE\Economia e Finanças\Índice de Preços no Consumidor Nacional\IPCN_VARIAÇÃO MENSAL ACUMULADA HOMOLÓGA POR PROVINCIA (7) (4) (4) (3).xlsx
Economia e Finanças,Economia e Finanças/Índice de Preços no Consumidor Nacional,Mensal,"IPCN_ÍNDICE, VARIAÇÃO, CONTRIBUIÇÃO DAS CLASSES DE DESPESAS POR PROVÍNCIA (4) (1).xlsx",xlsx,1604058,"Economia e Finanças/Índice de Preços no Consumidor Nacional/IPCN_ÍNDICE, VARIAÇÃO, CONTRIBUIÇÃO DAS CLASSES DE DESPESAS POR PROVÍNCIA (4) (1).xlsx",https://www.ine.gov.ao/Diretorios/Ver?caminho=CfDJ8MbFyY-I7dRPifOgqdubFJ_YBXA44kZADg1-cEgQeIZEVQqrm3pot2prFhtVzAliq9TjvVa57o7Jz1J9_7YicJswas6YxRzKa4jv2mLtcQyiUfCYVByvwYBEIvOy7RQO9jpDFgk_ICeGmNUmVWKsVPp1H5V3vp_SskxH-N2VUaFclFvVkBE8mgfSIvP8gTg2sw,"INE\Economia e Finanças\Índice de Preços no Consumidor Nacional\IPCN_ÍNDICE, VARIAÇÃO, CONTRIBUIÇÃO DAS CLASSES DE DESPESAS POR PROVÍNCIA (4) (1).xlsx"
Economia e Finanças,Economia e Finanças/Índice de Preços no Produtor,Mensal,Índice de Preços no Produtor-portal ipp.xlsx,xlsx,102556,Economia e Finanças/Índice de Preços no Produtor/Índice de Preços no Produtor-portal ipp.xlsx,https://www.ine.gov.ao/Diretorios/Ver?caminho=CfDJ8MbFyY-I7dRPifOgqdubFJ_dAUVFD2XA_mQR-XHO3GAGVne1d98vhP3r-ghTVz-ZgvAIRNLrM7vpVsUwMv89Pj2RD-ckHLiUIsoE9uwPGfDiiEEawTGiJSUExTCeHZ_kEybky3WmhrgQgVpnjljxVyk1HGkPvKB8ncm4ojp4JD8qrrL_1HznBriviQnKyttI6A,INE\Economia e Finanças\Índice de Preços no Produtor\Índice de Preços no Produtor-portal ipp.xlsx
Economia e Finanças,Economia e Finanças/Índice de Produção Industrial,Trimestral,Índice de Produção Industrial_portal (2).xlsx,xlsx,331196,Economia e Finanças/Índice de Produção Industrial/Índice de Produção Industrial_portal (2).xlsx,https://www.ine.gov.ao/Diretorios/Ver?caminho=CfDJ8MbFyY-I7dRPifOgqdubFJ8QwupB5Src0D2zgPXC9puhBKJMC-Zj1OkfEKpM_mS3OWkkMZKJkHKl5RQhDTxzTYjFUnVbOOKpKonjQTaJIriSQJjUGBlOPco2nN_2ltVRgFv5-yMXFdVMlzJHkAcucK_NrogwgtEmILyGIPl4bSjsecrZXR30CJvKgv6tGAMseQ,INE\Economia e Finanças\Índice de Produção Industrial\Índice de Produção Industrial_portal (2).xlsx
População e Sociedade,População e Sociedade/Anuário de Estatísticas Sociais,Anual,QUADROS-Anuario ESociais 2017-2022.xlsx,xlsx,5989342,População e Sociedade/Anuário de Estatísticas Sociais/QUADROS-Anuario ESociais 2017-2022.xlsx,https://www.ine.gov.ao/Diretorios/Ver?caminho=CfDJ8MbFyY-I7dRPifOgqdubFJ8Xe0QOeqihpW96RjesVrB30IcbpwSquDLsvwbKwE6S5_OATzR0mYKKPc6rlSs8A4YTFruWs1tHGy9_cOCJf9Ut4EcZ4gTh4q7W3I4lPLNfSUaRebeTCX7XPug_OUt2iQnF2iJIxMdyqvBcdA-HY6dlmZy75khAsPhNpmWYtdxcfg,INE\População e Sociedade\Anuário de Estatísticas Sociais\QUADROS-Anuario ESociais 2017-2022.xlsx
População e Sociedade,População e Sociedade/Boletim do Registo Civil,Não especificada no portal,QUADROS BOLETIM DO REGISTO CIVIL.xlsx,xlsx,39228,População e Sociedade/Boletim do Registo Civil/QUADROS BOLETIM DO REGISTO CIVIL.xlsx,https://www.ine.gov.ao/Diretorios/Ver?caminho=CfDJ8MbFyY-I7dRPifOgqdubFJ9lyeh4LRt_-nfVCklfo35_QtLhE2LV0aWjV1F1AxoOROQ55TSynj9k8h5yvF6vMQhORIDPW5zGNCYBwYH-D_yJtLY9tAuJAiHVAx7noPATZo_Nuh1tX1uuYau13x8HmGMMtzg5mHT-vKJT6cZwKzzUTL1fTE5TJPZVZtV3s5skww,INE\População e Sociedade\Boletim do Registo Civil\QUADROS BOLETIM DO REGISTO CIVIL.xlsx
População e Sociedade,População e Sociedade/Características dos Idosos,Não especificada no portal,Quadros Características dos Idosos em Angola.xlsx,xlsx,85444,População e Sociedade/Características dos Idosos/Quadros Características dos Idosos em Angola.xlsx,https://www.ine.gov.ao/Diretorios/Ver?caminho=CfDJ8MbFyY-I7dRPifOgqdubFJ9162rFqoVmpY-XOvylf24xAQw1yROkGMzfvuPhY2YHGLq07NQNda5oAjJwDaeKzLI5mKJp4h_pxipSUrK1jGgfWKSRq3JaZOJakOtC-TnLipZMiNvNSfqQsqo_KkKYYdP2MtQLXLiAFr0aG97aJPieAjfwhAdkQK3nS8r61vp96Q,INE\População e Sociedade\Características dos Idosos\Quadros Características dos Idosos em Angola.xlsx
População e Sociedade,População e Sociedade/Características dos Jovens em Angola,Não especificada no portal,ANEXOS_CARACTERISTICAS DOS JOVENS EM ANGOLA.xlsx,xlsx,165344,População e Sociedade/Características dos Jovens em Angola/ANEXOS_CARACTERISTICAS DOS JOVENS EM ANGOLA.xlsx,https://www.ine.gov.ao/Diretorios/Ver?caminho=CfDJ8MbFyY-I7dRPifOgqdubFJ9amBYoxYPDV6J49udL0d4R7RCZQkPr22ueGmk_NJRC7-Yv4Ba0-7E7rrTcPMORlxnyKkfeAnh9VnbmOR1IZdGQ-LJe9I68A09zFozJGWQmbNGGQzx-cSaPkULzKciRWVA0gPwB2vBiRsIjBeXemPbOLyK0xEyDRlvdjCnlIj6uLQ,INE\População e Sociedade\Características dos Jovens em Angola\ANEXOS_CARACTERISTICAS DOS JOVENS EM ANGOLA.xlsx
População e Sociedade,População e Sociedade/Género,Não especificada no portal,HOMENS E MULHERES EM ANGOLA.xlsx,xlsx,146324,População e Sociedade/Género/HOMENS E MULHERES EM ANGOLA.xlsx,https://www.ine.gov.ao/Diretorios/Ver?caminho=CfDJ8MbFyY-I7dRPifOgqdubFJ9lkbs2xpIG0JgYjdhWiXqr-FmwP-AOLN_Cy9jXbh1o73w9M0CDQ_rW5-uoy0cT2wVUkOROre2ikYiHjuWFHpE_x_MvYn_Aa4ZN9VRBszQDxumpfmRzeM-4DX7H3Sqqu7g,INE\População e Sociedade\Género\HOMENS E MULHERES EM ANGOLA.xlsx
População e Sociedade,População e Sociedade/Género,Não especificada no portal,Relatório_Temático Género.xlsx,xlsx,319863,População e Sociedade/Género/Relatório_Temático Género.xlsx,https://www.ine.gov.ao/Diretorios/Ver?caminho=CfDJ8MbFyY-I7dRPifOgqdubFJ9lkbs2xpIG0JgYjdhWiXqr-FmwP-AOLN_Cy9jXbh1o73w9M0CDQ_rW5-uoy0cT2wVUkOROre2ikYiHjuWFHpE_x_MvYn_Aa4ZN9VRBszQDxumpfmRzeM-4DX7H3Sqqu7g,INE\População e Sociedade\Género\Relatório_Temático Género.xlsx
População e Sociedade,População e Sociedade/Indicadores sobre Organizações da Economia Informal em Luanda,Não especificada no portal,DADOS_IOPREI.xlsx,xlsx,12545,População e Sociedade/Indicadores sobre Organizações da Economia Informal em Luanda/DADOS_IOPREI.xlsx,https://www.ine.gov.ao/Diretorios/Ver?caminho=CfDJ8MbFyY-I7dRPifOgqdubFJ_F_vBVnJD2vnPrvUwtXEgLk0ukNoAPrWLfArC7zKNg33SEh3q650LPkmpq77ZHsRfWrWTs_5ivLvbbsUvUQNeOy4pu9PhQHnv-sJ1AuwL5PIBxqvZegJv23oQLV3NViHeSXbV5TETUq-2V0rQslkcTUvZuZnr_A1SBGmlSn-2T_TeBRkds2hG64ZVIWau269fr4CBLgtfrCWZVBZGclzwy,INE\População e Sociedade\Indicadores sobre Organizações da Economia Informal em Luanda\DADOS_IOPREI.xlsx
População e Sociedade,População e Sociedade/Inquérito de Indicadores Múltiplos e de Saúde 2023-2024,Inquérito / irregular,"Capítulo 03 - Características dos Inquiridos, IIMS 2023-2024.xlsx",xlsx,188413,"População e Sociedade/Inquérito de Indicadores Múltiplos e de Saúde 2023-2024/Capítulo 03 - Características dos Inquiridos, IIMS 2023-2024.xlsx",https://www.ine.gov.ao/Diretorios/Ver?caminho=CfDJ8MbFyY-I7dRPifOgqdubFJ_0UFEJ7Wx0IaJKZ9xpQ5NABHmncWdHzjBQo-ewNSoaJFgEiINkJ9kAxe1PGMXins1Lq1UgcsNDlAZOF3Hn7PhrAWFiiSwDmqD8HLYVSsRnMl9n8X_4__SnQZUHRpm2ymwBkKtcD9g31xdnqg0TSGRzNd5IwTB9_o-BSB9qGxDki-2NKIcqB2eDH3gKcTMP24Yek1eU4z7YBX8iINjaEQ8W,"INE\População e Sociedade\Inquérito de Indicadores Múltiplos e de Saúde 2023-2024\Capítulo 03 - Características dos Inquiridos, IIMS 2023-2024.xlsx"
População e Sociedade,População e Sociedade/Inquérito de Indicadores Múltiplos e de Saúde 2023-2024,Inquérito / irregular,"Capítulo 04 - Estado Civil e Actividade Sexual, IIMS 2023-2024.xlsx",xlsx,93724,"População e Sociedade/Inquérito de Indicadores Múltiplos e de Saúde 2023-2024/Capítulo 04 - Estado Civil e Actividade Sexual, IIMS 2023-2024.xlsx",https://www.ine.gov.ao/Diretorios/Ver?caminho=CfDJ8MbFyY-I7dRPifOgqdubFJ_0UFEJ7Wx0IaJKZ9xpQ5NABHmncWdHzjBQo-ewNSoaJFgEiINkJ9kAxe1PGMXins1Lq1UgcsNDlAZOF3Hn7PhrAWFiiSwDmqD8HLYVSsRnMl9n8X_4__SnQZUHRpm2ymwBkKtcD9g31xdnqg0TSGRzNd5IwTB9_o-BSB9qGxDki-2NKIcqB2eDH3gKcTMP24Yek1eU4z7YBX8iINjaEQ8W,"INE\População e Sociedade\Inquérito de Indicadores Múltiplos e de Saúde 2023-2024\Capítulo 04 - Estado Civil e Actividade Sexual, IIMS 2023-2024.xlsx"
População e Sociedade,População e Sociedade/Inquérito de Indicadores Múltiplos e de Saúde 2023-2024,Inquérito / irregular,"Capítulo 05 - Fecundidade, IIMS 2023-2024.xlsx",xlsx,63231,"População e Sociedade/Inquérito de Indicadores Múltiplos e de Saúde 2023-2024/Capítulo 05 - Fecundidade, IIMS 2023-2024.xlsx",https://www.ine.gov.ao/Diretorios/Ver?caminho=CfDJ8MbFyY-I7dRPifOgqdubFJ_0UFEJ7Wx0IaJKZ9xpQ5NABHmncWdHzjBQo-ewNSoaJFgEiINkJ9kAxe1PGMXins1Lq1UgcsNDlAZOF3Hn7PhrAWFiiSwDmqD8HLYVSsRnMl9n8X_4__SnQZUHRpm2ymwBkKtcD9g31xdnqg0TSGRzNd5IwTB9_o-BSB9qGxDki-2NKIcqB2eDH3gKcTMP24Yek1eU4z7YBX8iINjaEQ8W,"INE\População e Sociedade\Inquérito de Indicadores Múltiplos e de Saúde 2023-2024\Capítulo 05 - Fecundidade, IIMS 2023-2024.xlsx"
População e Sociedade,População e Sociedade/Inquérito de Indicadores Múltiplos e de Saúde 2023-2024,Inquérito / irregular,"Capítulo 06 - Preferências de fecundidade, IIMS 2023-2024.xlsx",xlsx,37590,"População e Sociedade/Inquérito de Indicadores Múltiplos e de Saúde 2023-2024/Capítulo 06 - Preferências de fecundidade, IIMS 2023-2024.xlsx",https://www.ine.gov.ao/Diretorios/Ver?caminho=CfDJ8MbFyY-I7dRPifOgqdubFJ_0UFEJ7Wx0IaJKZ9xpQ5NABHmncWdHzjBQo-ewNSoaJFgEiINkJ9kAxe1PGMXins1Lq1UgcsNDlAZOF3Hn7PhrAWFiiSwDmqD8HLYVSsRnMl9n8X_4__SnQZUHRpm2ymwBkKtcD9g31xdnqg0TSGRzNd5IwTB9_o-BSB9qGxDki-2NKIcqB2eDH3gKcTMP24Yek1eU4z7YBX8iINjaEQ8W,"INE\População e Sociedade\Inquérito de Indicadores Múltiplos e de Saúde 2023-2024\Capítulo 06 - Preferências de fecundidade, IIMS 2023-2024.xlsx"
População e Sociedade,População e Sociedade/Inquérito de Indicadores Múltiplos e de Saúde 2023-2024,Inquérito / irregular,"Capítulo 07 - Planeamento Familiar, IIMS 2023-2024.xlsx",xlsx,114049,"População e Sociedade/Inquérito de Indicadores Múltiplos e de Saúde 2023-2024/Capítulo 07 - Planeamento Familiar, IIMS 2023-2024.xlsx",https://www.ine.gov.ao/Diretorios/Ver?caminho=CfDJ8MbFyY-I7dRPifOgqdubFJ_0UFEJ7Wx0IaJKZ9xpQ5NABHmncWdHzjBQo-ewNSoaJFgEiINkJ9kAxe1PGMXins1Lq1UgcsNDlAZOF3Hn7PhrAWFiiSwDmqD8HLYVSsRnMl9n8X_4__SnQZUHRpm2ymwBkKtcD9g31xdnqg0TSGRzNd5IwTB9_o-BSB9qGxDki-2NKIcqB2eDH3gKcTMP24Yek1eU4z7YBX8iINjaEQ8W,"INE\População e Sociedade\Inquérito de Indicadores Múltiplos e de Saúde 2023-2024\Capítulo 07 - Planeamento Familiar, IIMS 2023-2024.xlsx"
População e Sociedade,População e Sociedade/Inquérito de Indicadores Múltiplos e de Saúde 2023-2024,Inquérito / irregular,"Capítulo 08 - Mortalidade na Infância, IIMS 2023-2024.xlsx",xlsx,27681,"População e Sociedade/Inquérito de Indicadores Múltiplos e de Saúde 2023-2024/Capítulo 08 - Mortalidade na Infância, IIMS 2023-2024.xlsx",https://www.ine.gov.ao/Diretorios/Ver?caminho=CfDJ8MbFyY-I7dRPifOgqdubFJ_0UFEJ7Wx0IaJKZ9xpQ5NABHmncWdHzjBQo-ewNSoaJFgEiINkJ9kAxe1PGMXins1Lq1UgcsNDlAZOF3Hn7PhrAWFiiSwDmqD8HLYVSsRnMl9n8X_4__SnQZUHRpm2ymwBkKtcD9g31xdnqg0TSGRzNd5IwTB9_o-BSB9qGxDki-2NKIcqB2eDH3gKcTMP24Yek1eU4z7YBX8iINjaEQ8W,"INE\População e Sociedade\Inquérito de Indicadores Múltiplos e de Saúde 2023-2024\Capítulo 08 - Mortalidade na Infância, IIMS 2023-2024.xlsx"
População e Sociedade,População e Sociedade/Inquérito de Indicadores Múltiplos e de Saúde 2023-2024,Inquérito / irregular,"Capítulo 09 - Cuidados de Saúde Materna, IIMS 2023-2024.xlsx",xlsx,127844,"População e Sociedade/Inquérito de Indicadores Múltiplos e de Saúde 2023-2024/Capítulo 09 - Cuidados de Saúde Materna, IIMS 2023-2024.xlsx",https://www.ine.gov.ao/Diretorios/Ver?caminho=CfDJ8MbFyY-I7dRPifOgqdubFJ_0UFEJ7Wx0IaJKZ9xpQ5NABHmncWdHzjBQo-ewNSoaJFgEiINkJ9kAxe1PGMXins1Lq1UgcsNDlAZOF3Hn7PhrAWFiiSwDmqD8HLYVSsRnMl9n8X_4__SnQZUHRpm2ymwBkKtcD9g31xdnqg0TSGRzNd5IwTB9_o-BSB9qGxDki-2NKIcqB2eDH3gKcTMP24Yek1eU4z7YBX8iINjaEQ8W,"INE\População e Sociedade\Inquérito de Indicadores Múltiplos e de Saúde 2023-2024\Capítulo 09 - Cuidados de Saúde Materna, IIMS 2023-2024.xlsx"
População e Sociedade,População e Sociedade/Inquérito de Indicadores Múltiplos e de Saúde 2023-2024,Inquérito / irregular,"Capítulo 10 - Saúde Infantil, IIMS 2023-2024.xlsx",xlsx,80855,"População e Sociedade/Inquérito de Indicadores Múltiplos e de Saúde 2023-2024/Capítulo 10 - Saúde Infantil, IIMS 2023-2024.xlsx",https://www.ine.gov.ao/Diretorios/Ver?caminho=CfDJ8MbFyY-I7dRPifOgqdubFJ_0UFEJ7Wx0IaJKZ9xpQ5NABHmncWdHzjBQo-ewNSoaJFgEiINkJ9kAxe1PGMXins1Lq1UgcsNDlAZOF3Hn7PhrAWFiiSwDmqD8HLYVSsRnMl9n8X_4__SnQZUHRpm2ymwBkKtcD9g31xdnqg0TSGRzNd5IwTB9_o-BSB9qGxDki-2NKIcqB2eDH3gKcTMP24Yek1eU4z7YBX8iINjaEQ8W,"INE\População e Sociedade\Inquérito de Indicadores Múltiplos e de Saúde 2023-2024\Capítulo 10 - Saúde Infantil, IIMS 2023-2024.xlsx"
População e Sociedade,População e Sociedade/Inquérito de Indicadores Múltiplos e de Saúde 2023-2024,Inquérito / irregular,"Capítulo 11 - Nutrição de Crianças e Adultos, IIMS 2023-2024.xlsx",xlsx,109103,"População e Sociedade/Inquérito de Indicadores Múltiplos e de Saúde 2023-2024/Capítulo 11 - Nutrição de Crianças e Adultos, IIMS 2023-2024.xlsx",https://www.ine.gov.ao/Diretorios/Ver?caminho=CfDJ8MbFyY-I7dRPifOgqdubFJ_0UFEJ7Wx0IaJKZ9xpQ5NABHmncWdHzjBQo-ewNSoaJFgEiINkJ9kAxe1PGMXins1Lq1UgcsNDlAZOF3Hn7PhrAWFiiSwDmqD8HLYVSsRnMl9n8X_4__SnQZUHRpm2ymwBkKtcD9g31xdnqg0TSGRzNd5IwTB9_o-BSB9qGxDki-2NKIcqB2eDH3gKcTMP24Yek1eU4z7YBX8iINjaEQ8W,"INE\População e Sociedade\Inquérito de Indicadores Múltiplos e de Saúde 2023-2024\Capítulo 11 - Nutrição de Crianças e Adultos, IIMS 2023-2024.xlsx"
População e Sociedade,População e Sociedade/Inquérito de Indicadores Múltiplos e de Saúde 2023-2024,Inquérito / irregular,"Capítulo 12 - Malária, IIMS 2023-2024.xlsx",xlsx,72883,"População e Sociedade/Inquérito de Indicadores Múltiplos e de Saúde 2023-2024/Capítulo 12 - Malária, IIMS 2023-2024.xlsx",https://www.ine.gov.ao/Diretorios/Ver?caminho=CfDJ8MbFyY-I7dRPifOgqdubFJ_0UFEJ7Wx0IaJKZ9xpQ5NABHmncWdHzjBQo-ewNSoaJFgEiINkJ9kAxe1PGMXins1Lq1UgcsNDlAZOF3Hn7PhrAWFiiSwDmqD8HLYVSsRnMl9n8X_4__SnQZUHRpm2ymwBkKtcD9g31xdnqg0TSGRzNd5IwTB9_o-BSB9qGxDki-2NKIcqB2eDH3gKcTMP24Yek1eU4z7YBX8iINjaEQ8W,"INE\População e Sociedade\Inquérito de Indicadores Múltiplos e de Saúde 2023-2024\Capítulo 12 - Malária, IIMS 2023-2024.xlsx"
População e Sociedade,População e Sociedade/Inquérito de Indicadores Múltiplos e de Saúde 2023-2024,Inquérito / irregular,Capítulo 14 - Prevalência do VIH e Hepatite B IIMS 2023-2024.xlsx,xlsx,79688,População e Sociedade/Inquérito de Indicadores Múltiplos e de Saúde 2023-2024/Capítulo 14 - Prevalência do VIH e Hepatite B IIMS 2023-2024.xlsx,https://www.ine.gov.ao/Diretorios/Ver?caminho=CfDJ8MbFyY-I7dRPifOgqdubFJ_0UFEJ7Wx0IaJKZ9xpQ5NABHmncWdHzjBQo-ewNSoaJFgEiINkJ9kAxe1PGMXins1Lq1UgcsNDlAZOF3Hn7PhrAWFiiSwDmqD8HLYVSsRnMl9n8X_4__SnQZUHRpm2ymwBkKtcD9g31xdnqg0TSGRzNd5IwTB9_o-BSB9qGxDki-2NKIcqB2eDH3gKcTMP24Yek1eU4z7YBX8iINjaEQ8W,INE\População e Sociedade\Inquérito de Indicadores Múltiplos e de Saúde 2023-2024\Capítulo 14 - Prevalência do VIH e Hepatite B IIMS 2023-2024.xlsx
População e Sociedade,População e Sociedade/Inquérito de Indicadores Múltiplos e de Saúde 2023-2024,Inquérito / irregular,"Capítulo 15 - Empoderamento das Mulheres, IIMS 2023-2024.xlsx",xlsx,91953,"População e Sociedade/Inquérito de Indicadores Múltiplos e de Saúde 2023-2024/Capítulo 15 - Empoderamento das Mulheres, IIMS 2023-2024.xlsx",https://www.ine.gov.ao/Diretorios/Ver?caminho=CfDJ8MbFyY-I7dRPifOgqdubFJ_0UFEJ7Wx0IaJKZ9xpQ5NABHmncWdHzjBQo-ewNSoaJFgEiINkJ9kAxe1PGMXins1Lq1UgcsNDlAZOF3Hn7PhrAWFiiSwDmqD8HLYVSsRnMl9n8X_4__SnQZUHRpm2ymwBkKtcD9g31xdnqg0TSGRzNd5IwTB9_o-BSB9qGxDki-2NKIcqB2eDH3gKcTMP24Yek1eU4z7YBX8iINjaEQ8W,"INE\População e Sociedade\Inquérito de Indicadores Múltiplos e de Saúde 2023-2024\Capítulo 15 - Empoderamento das Mulheres, IIMS 2023-2024.xlsx"
População e Sociedade,População e Sociedade/Inquérito de Indicadores Múltiplos e de Saúde 2023-2024,Inquérito / irregular,"Capítulo 16 - Água e Saneamento no Agregado Famliar, IIMS 2023-2024.xlsx",xlsx,58154,"População e Sociedade/Inquérito de Indicadores Múltiplos e de Saúde 2023-2024/Capítulo 16 - Água e Saneamento no Agregado Famliar, IIMS 2023-2024.xlsx",https://www.ine.gov.ao/Diretorios/Ver?caminho=CfDJ8MbFyY-I7dRPifOgqdubFJ_0UFEJ7Wx0IaJKZ9xpQ5NABHmncWdHzjBQo-ewNSoaJFgEiINkJ9kAxe1PGMXins1Lq1UgcsNDlAZOF3Hn7PhrAWFiiSwDmqD8HLYVSsRnMl9n8X_4__SnQZUHRpm2ymwBkKtcD9g31xdnqg0TSGRzNd5IwTB9_o-BSB9qGxDki-2NKIcqB2eDH3gKcTMP24Yek1eU4z7YBX8iINjaEQ8W,"INE\População e Sociedade\Inquérito de Indicadores Múltiplos e de Saúde 2023-2024\Capítulo 16 - Água e Saneamento no Agregado Famliar, IIMS 2023-2024.xlsx"
População e Sociedade,População e Sociedade/Inquérito de Indicadores Múltiplos e de Saúde 2023-2024,Inquérito / irregular,"Capítulo 17 - Mortalidade Materna, IIMS 2023-2024.xlsx",xlsx,18089,"População e Sociedade/Inquérito de Indicadores Múltiplos e de Saúde 2023-2024/Capítulo 17 - Mortalidade Materna, IIMS 2023-2024.xlsx",https://www.ine.gov.ao/Diretorios/Ver?caminho=CfDJ8MbFyY-I7dRPifOgqdubFJ_0UFEJ7Wx0IaJKZ9xpQ5NABHmncWdHzjBQo-ewNSoaJFgEiINkJ9kAxe1PGMXins1Lq1UgcsNDlAZOF3Hn7PhrAWFiiSwDmqD8HLYVSsRnMl9n8X_4__SnQZUHRpm2ymwBkKtcD9g31xdnqg0TSGRzNd5IwTB9_o-BSB9qGxDki-2NKIcqB2eDH3gKcTMP24Yek1eU4z7YBX8iINjaEQ8W,"INE\População e Sociedade\Inquérito de Indicadores Múltiplos e de Saúde 2023-2024\Capítulo 17 - Mortalidade Materna, IIMS 2023-2024.xlsx"
População e Sociedade,População e Sociedade/Inquérito de Indicadores Múltiplos e de Saúde 2023-2024,Inquérito / irregular,"Capítulo 18 - Violência Doméstica, IIMS 2023-2024.xlsx",xlsx,128334,"População e Sociedade/Inquérito de Indicadores Múltiplos e de Saúde 2023-2024/Capítulo 18 - Violência Doméstica, IIMS 2023-2024.xlsx",https://www.ine.gov.ao/Diretorios/Ver?caminho=CfDJ8MbFyY-I7dRPifOgqdubFJ_0UFEJ7Wx0IaJKZ9xpQ5NABHmncWdHzjBQo-ewNSoaJFgEiINkJ9kAxe1PGMXins1Lq1UgcsNDlAZOF3Hn7PhrAWFiiSwDmqD8HLYVSsRnMl9n8X_4__SnQZUHRpm2ymwBkKtcD9g31xdnqg0TSGRzNd5IwTB9_o-BSB9qGxDki-2NKIcqB2eDH3gKcTMP24Yek1eU4z7YBX8iINjaEQ8W,"INE\População e Sociedade\Inquérito de Indicadores Múltiplos e de Saúde 2023-2024\Capítulo 18 - Violência Doméstica, IIMS 2023-2024.xlsx"
População e Sociedade,População e Sociedade/Inquérito de Indicadores Múltiplos e de Saúde 2023-2024,Inquérito / irregular,"Capítulo 19 - Hipertensão Arterial e Diabetes, IIMS 2023-2024.xlsx",xlsx,45559,"População e Sociedade/Inquérito de Indicadores Múltiplos e de Saúde 2023-2024/Capítulo 19 - Hipertensão Arterial e Diabetes, IIMS 2023-2024.xlsx",https://www.ine.gov.ao/Diretorios/Ver?caminho=CfDJ8MbFyY-I7dRPifOgqdubFJ_0UFEJ7Wx0IaJKZ9xpQ5NABHmncWdHzjBQo-ewNSoaJFgEiINkJ9kAxe1PGMXins1Lq1UgcsNDlAZOF3Hn7PhrAWFiiSwDmqD8HLYVSsRnMl9n8X_4__SnQZUHRpm2ymwBkKtcD9g31xdnqg0TSGRzNd5IwTB9_o-BSB9qGxDki-2NKIcqB2eDH3gKcTMP24Yek1eU4z7YBX8iINjaEQ8W,"INE\População e Sociedade\Inquérito de Indicadores Múltiplos e de Saúde 2023-2024\Capítulo 19 - Hipertensão Arterial e Diabetes, IIMS 2023-2024.xlsx"
População e Sociedade,População e Sociedade/Inquérito sobre Emprego em Angola,Inquérito / irregular,1.SERIES CRONOLÓGICAS_IEA (ANTIGA METODOLOGIA_13ª CIET).xlsx,xlsx,26516,População e Sociedade/Inquérito sobre Emprego em Angola/1.SERIES CRONOLÓGICAS_IEA (ANTIGA METODOLOGIA_13ª CIET).xlsx,https://www.ine.gov.ao/Diretorios/Ver?caminho=CfDJ8MbFyY-I7dRPifOgqdubFJ-S4hYU2fL-KMCu8GDPzx-UOFbW4VldDvMq5eJ0qZDej6OgQTCtws4lNsv9D_lcAZ6MAvWU8D3FQorFUL1BkukP_pscT760iWneI9ANxvEVSOEZHGVJHyzW6Bi8E9TA8YOjsAqjDEKW0fhi_RwewL3EbFW3cpeR7NnlAX6Q9Y2lyA,INE\População e Sociedade\Inquérito sobre Emprego em Angola\1.SERIES CRONOLÓGICAS_IEA (ANTIGA METODOLOGIA_13ª CIET).xlsx
População e Sociedade,População e Sociedade/Inquérito sobre Emprego em Angola,Inquérito / irregular,2.QUADROS COMPLEMETARES_IEA (ANTIGA METODOLOGIA_13ª CIET).xlsx,xlsx,68021,População e Sociedade/Inquérito sobre Emprego em Angola/2.QUADROS COMPLEMETARES_IEA (ANTIGA METODOLOGIA_13ª CIET).xlsx,https://www.ine.gov.ao/Diretorios/Ver?caminho=CfDJ8MbFyY-I7dRPifOgqdubFJ-S4hYU2fL-KMCu8GDPzx-UOFbW4VldDvMq5eJ0qZDej6OgQTCtws4lNsv9D_lcAZ6MAvWU8D3FQorFUL1BkukP_pscT760iWneI9ANxvEVSOEZHGVJHyzW6Bi8E9TA8YOjsAqjDEKW0fhi_RwewL3EbFW3cpeR7NnlAX6Q9Y2lyA,INE\População e Sociedade\Inquérito sobre Emprego em Angola\2.QUADROS COMPLEMETARES_IEA (ANTIGA METODOLOGIA_13ª CIET).xlsx
População e Sociedade,População e Sociedade/Inquérito sobre Emprego em Angola,Inquérito / irregular,"3.SERIES CRONOLÓGICAS_IEA (NOVA METODOLOGIA_19ª, 20ª e 21ª CIET).xlsx",xlsx,528483,"População e Sociedade/Inquérito sobre Emprego em Angola/3.SERIES CRONOLÓGICAS_IEA (NOVA METODOLOGIA_19ª, 20ª e 21ª CIET).xlsx",https://www.ine.gov.ao/Diretorios/Ver?caminho=CfDJ8MbFyY-I7dRPifOgqdubFJ-S4hYU2fL-KMCu8GDPzx-UOFbW4VldDvMq5eJ0qZDej6OgQTCtws4lNsv9D_lcAZ6MAvWU8D3FQorFUL1BkukP_pscT760iWneI9ANxvEVSOEZHGVJHyzW6Bi8E9TA8YOjsAqjDEKW0fhi_RwewL3EbFW3cpeR7NnlAX6Q9Y2lyA,"INE\População e Sociedade\Inquérito sobre Emprego em Angola\3.SERIES CRONOLÓGICAS_IEA (NOVA METODOLOGIA_19ª, 20ª e 21ª CIET).xlsx"
População e Sociedade,População e Sociedade/Inquérito sobre Emprego em Angola,Inquérito / irregular,"4.QUADROS COMPLEMETARES_IEA (NOVA METODOLOGIA_19ª, 20ª e 21ª CIET).xlsx",xlsx,26442,"População e Sociedade/Inquérito sobre Emprego em Angola/4.QUADROS COMPLEMETARES_IEA (NOVA METODOLOGIA_19ª, 20ª e 21ª CIET).xlsx",https://www.ine.gov.ao/Diretorios/Ver?caminho=CfDJ8MbFyY-I7dRPifOgqdubFJ-S4hYU2fL-KMCu8GDPzx-UOFbW4VldDvMq5eJ0qZDej6OgQTCtws4lNsv9D_lcAZ6MAvWU8D3FQorFUL1BkukP_pscT760iWneI9ANxvEVSOEZHGVJHyzW6Bi8E9TA8YOjsAqjDEKW0fhi_RwewL3EbFW3cpeR7NnlAX6Q9Y2lyA,"INE\População e Sociedade\Inquérito sobre Emprego em Angola\4.QUADROS COMPLEMETARES_IEA (NOVA METODOLOGIA_19ª, 20ª e 21ª CIET).xlsx"
População e Sociedade,População e Sociedade/Perfil da Criança em Angola,Não especificada no portal,PERFIL DA CRIANÇA_2015_2016.xlsx,xlsx,147926,População e Sociedade/Perfil da Criança em Angola/PERFIL DA CRIANÇA_2015_2016.xlsx,https://www.ine.gov.ao/Diretorios/Ver?caminho=CfDJ8MbFyY-I7dRPifOgqdubFJ_7nE7F4c164ZS6ny4QXZYPFn6Hfu-5-RUGyZmlC0RiqZlP_a2lyHy1fOHJp_ujaad-ifuhTk8vmi2KWQI1dG9nHBWxDTCTt5cgpAE4Jr21JlEDy7pLuuFzlyMQUzytVokdAcK2_LmxXoOS4z2pWs1xvgcq-pGTB9Ys71bKjc0S2A,INE\População e Sociedade\Perfil da Criança em Angola\PERFIL DA CRIANÇA_2015_2016.xlsx
População e Sociedade,População e Sociedade/Perfil da Criança em Angola,Não especificada no portal,PERFIL DA CRIANÇA_2018_2019.xlsx,xlsx,142855,População e Sociedade/Perfil da Criança em Angola/PERFIL DA CRIANÇA_2018_2019.xlsx,https://www.ine.gov.ao/Diretorios/Ver?caminho=CfDJ8MbFyY-I7dRPifOgqdubFJ_7nE7F4c164ZS6ny4QXZYPFn6Hfu-5-RUGyZmlC0RiqZlP_a2lyHy1fOHJp_ujaad-ifuhTk8vmi2KWQI1dG9nHBWxDTCTt5cgpAE4Jr21JlEDy7pLuuFzlyMQUzytVokdAcK2_LmxXoOS4z2pWs1xvgcq-pGTB9Ys71bKjc0S2A,INE\População e Sociedade\Perfil da Criança em Angola\PERFIL DA CRIANÇA_2018_2019.xlsx
População e Sociedade,População e Sociedade/Pobreza Monetária,Inquérito / irregular,Quados de Relatório de Pobreza para Angola-IDR 2019.xlsx,xlsx,128581,População e Sociedade/Pobreza Monetária/Quados de Relatório de Pobreza para Angola-IDR 2019.xlsx,https://www.ine.gov.ao/Diretorios/Ver?caminho=CfDJ8MbFyY-I7dRPifOgqdubFJ_nn9pUB7EVFeI30ep1FUsHSFp-PNBSlpwrmgYokAFnooIToxeKzf99JeAVcdg02T8fIphiXqaDSLD7bb_IJESJuFyUmhyXnL2enDud55AIL0Coi-SdaNLyUmm0kN91O-jWVezzKdZtRK3hGOQa_6hv,INE\População e Sociedade\Pobreza Monetária\Quados de Relatório de Pobreza para Angola-IDR 2019.xlsx
População e Sociedade,População e Sociedade/Pobreza Multidimensional em Angola,Inquérito / irregular,POBREZA MULTIDIMENSIONAL NOS MUNICÍPIOS DE ANGOLA.xlsx,xlsx,24499,População e Sociedade/Pobreza Multidimensional em Angola/POBREZA MULTIDIMENSIONAL NOS MUNICÍPIOS DE ANGOLA.xlsx,https://www.ine.gov.ao/Diretorios/Ver?caminho=CfDJ8MbFyY-I7dRPifOgqdubFJ_9sbYLhOqsYrnowQEPsB8WmrxXks2C4a_keaPIEaw5GyxDAYfwkXatq9FayYHauti_cyNCckxeSitPxQ5Wi_gahJLZx_RHjUVf92Qx7Keii03Zg9vv7MpVQNjmddudIc35ZihCx9NyaSF_RQks1OLCp2qlPy7vPxcOBk8wIMwarQ,INE\População e Sociedade\Pobreza Multidimensional em Angola\POBREZA MULTIDIMENSIONAL NOS MUNICÍPIOS DE ANGOLA.xlsx
População e Sociedade,População e Sociedade/Pobreza Multidimensional em Angola,Inquérito / irregular,ÍNDICE DE POBREZA MULTIDIMENSIONAL DE ANGOLA POR PROVÍNCIA.xlsx,xlsx,12489,População e Sociedade/Pobreza Multidimensional em Angola/ÍNDICE DE POBREZA MULTIDIMENSIONAL DE ANGOLA POR PROVÍNCIA.xlsx,https://www.ine.gov.ao/Diretorios/Ver?caminho=CfDJ8MbFyY-I7dRPifOgqdubFJ_9sbYLhOqsYrnowQEPsB8WmrxXks2C4a_keaPIEaw5GyxDAYfwkXatq9FayYHauti_cyNCckxeSitPxQ5Wi_gahJLZx_RHjUVf92Qx7Keii03Zg9vv7MpVQNjmddudIc35ZihCx9NyaSF_RQks1OLCp2qlPy7vPxcOBk8wIMwarQ,INE\População e Sociedade\Pobreza Multidimensional em Angola\ÍNDICE DE POBREZA MULTIDIMENSIONAL DE ANGOLA POR PROVÍNCIA.xlsx
População e Sociedade,População e Sociedade/População/Censo 2024,Decenal / censitário,01. CABINDA QUADROS CENSO 2024.xlsx,xlsx,6179804,População e Sociedade/População/Censo 2024/01. CABINDA QUADROS CENSO 2024.xlsx,https://www.ine.gov.ao/Diretorios/Ver?caminho=CfDJ8MbFyY-I7dRPifOgqdubFJ9IRPOCRFbhiN8JhmwTqWUfBA0tVn9ku_BFxoTwbU7ria3Kp8We_fgJ9HAbZ3_uPUvGvf3mPIyk4YZVMX4ZhPu_7O5amSUmrf18Fk9fcoI97yabOb31MzTIj2VTukroGR97WQ9EunZiC-8jBHG5HQ0C,INE\População e Sociedade\População\Censo 2024\01. CABINDA QUADROS CENSO 2024.xlsx
População e Sociedade,População e Sociedade/População/Censo 2024,Decenal / censitário,02. ZAIRE QUADROS CENSO 2024.xlsx,xlsx,1059150,População e Sociedade/População/Censo 2024/02. ZAIRE QUADROS CENSO 2024.xlsx,https://www.ine.gov.ao/Diretorios/Ver?caminho=CfDJ8MbFyY-I7dRPifOgqdubFJ9IRPOCRFbhiN8JhmwTqWUfBA0tVn9ku_BFxoTwbU7ria3Kp8We_fgJ9HAbZ3_uPUvGvf3mPIyk4YZVMX4ZhPu_7O5amSUmrf18Fk9fcoI97yabOb31MzTIj2VTukroGR97WQ9EunZiC-8jBHG5HQ0C,INE\População e Sociedade\População\Censo 2024\02. ZAIRE QUADROS CENSO 2024.xlsx
População e Sociedade,População e Sociedade/População/Censo 2024,Decenal / censitário,03. UÍGE QUADROS CENSO 2024.xlsx,xlsx,4850885,População e Sociedade/População/Censo 2024/03. UÍGE QUADROS CENSO 2024.xlsx,https://www.ine.gov.ao/Diretorios/Ver?caminho=CfDJ8MbFyY-I7dRPifOgqdubFJ9IRPOCRFbhiN8JhmwTqWUfBA0tVn9ku_BFxoTwbU7ria3Kp8We_fgJ9HAbZ3_uPUvGvf3mPIyk4YZVMX4ZhPu_7O5amSUmrf18Fk9fcoI97yabOb31MzTIj2VTukroGR97WQ9EunZiC-8jBHG5HQ0C,INE\População e Sociedade\População\Censo 2024\03. UÍGE QUADROS CENSO 2024.xlsx
População e Sociedade,População e Sociedade/População/Censo 2024,Decenal / censitário,04. BENGO QUADROS CENSO 2024.xlsx,xlsx,1742048,População e Sociedade/População/Censo 2024/04. BENGO QUADROS CENSO 2024.xlsx,https://www.ine.gov.ao/Diretorios/Ver?caminho=CfDJ8MbFyY-I7dRPifOgqdubFJ9IRPOCRFbhiN8JhmwTqWUfBA0tVn9ku_BFxoTwbU7ria3Kp8We_fgJ9HAbZ3_uPUvGvf3mPIyk4YZVMX4ZhPu_7O5amSUmrf18Fk9fcoI97yabOb31MzTIj2VTukroGR97WQ9EunZiC-8jBHG5HQ0C,INE\População e Sociedade\População\Censo 2024\04. BENGO QUADROS CENSO 2024.xlsx
População e Sociedade,População e Sociedade/População/Censo 2024,Decenal / censitário,05. LUANDA QUADROS CENSO 2024.xlsx,xlsx,1075351,População e Sociedade/População/Censo 2024/05. LUANDA QUADROS CENSO 2024.xlsx,https://www.ine.gov.ao/Diretorios/Ver?caminho=CfDJ8MbFyY-I7dRPifOgqdubFJ9IRPOCRFbhiN8JhmwTqWUfBA0tVn9ku_BFxoTwbU7ria3Kp8We_fgJ9HAbZ3_uPUvGvf3mPIyk4YZVMX4ZhPu_7O5amSUmrf18Fk9fcoI97yabOb31MzTIj2VTukroGR97WQ9EunZiC-8jBHG5HQ0C,INE\População e Sociedade\População\Censo 2024\05. LUANDA QUADROS CENSO 2024.xlsx
População e Sociedade,População e Sociedade/População/Censo 2024,Decenal / censitário,06. CUANZA NORTE QUADROS CENSO 2024.xlsx,xlsx,1133622,População e Sociedade/População/Censo 2024/06. CUANZA NORTE QUADROS CENSO 2024.xlsx,https://www.ine.gov.ao/Diretorios/Ver?caminho=CfDJ8MbFyY-I7dRPifOgqdubFJ9IRPOCRFbhiN8JhmwTqWUfBA0tVn9ku_BFxoTwbU7ria3Kp8We_fgJ9HAbZ3_uPUvGvf3mPIyk4YZVMX4ZhPu_7O5amSUmrf18Fk9fcoI97yabOb31MzTIj2VTukroGR97WQ9EunZiC-8jBHG5HQ0C,INE\População e Sociedade\População\Censo 2024\06. CUANZA NORTE QUADROS CENSO 2024.xlsx
População e Sociedade,População e Sociedade/População/Censo 2024,Decenal / censitário,07. CUANZA SUL QUADROS CENSO 2024.xlsx,xlsx,1227258,População e Sociedade/População/Censo 2024/07. CUANZA SUL QUADROS CENSO 2024.xlsx,https://www.ine.gov.ao/Diretorios/Ver?caminho=CfDJ8MbFyY-I7dRPifOgqdubFJ9IRPOCRFbhiN8JhmwTqWUfBA0tVn9ku_BFxoTwbU7ria3Kp8We_fgJ9HAbZ3_uPUvGvf3mPIyk4YZVMX4ZhPu_7O5amSUmrf18Fk9fcoI97yabOb31MzTIj2VTukroGR97WQ9EunZiC-8jBHG5HQ0C,INE\População e Sociedade\População\Censo 2024\07. CUANZA SUL QUADROS CENSO 2024.xlsx
População e Sociedade,População e Sociedade/População/Censo 2024,Decenal / censitário,08. MALANGE QUADROS CENSO 2024.xlsx,xlsx,1317969,População e Sociedade/População/Censo 2024/08. MALANGE QUADROS CENSO 2024.xlsx,https://www.ine.gov.ao/Diretorios/Ver?caminho=CfDJ8MbFyY-I7dRPifOgqdubFJ9IRPOCRFbhiN8JhmwTqWUfBA0tVn9ku_BFxoTwbU7ria3Kp8We_fgJ9HAbZ3_uPUvGvf3mPIyk4YZVMX4ZhPu_7O5amSUmrf18Fk9fcoI97yabOb31MzTIj2VTukroGR97WQ9EunZiC-8jBHG5HQ0C,INE\População e Sociedade\População\Censo 2024\08. MALANGE QUADROS CENSO 2024.xlsx
População e Sociedade,População e Sociedade/População/Censo 2024,Decenal / censitário,09. LUNDA NORTE QUADROS CENSO 2024.xlsx,xlsx,7037842,População e Sociedade/População/Censo 2024/09. LUNDA NORTE QUADROS CENSO 2024.xlsx,https://www.ine.gov.ao/Diretorios/Ver?caminho=CfDJ8MbFyY-I7dRPifOgqdubFJ9IRPOCRFbhiN8JhmwTqWUfBA0tVn9ku_BFxoTwbU7ria3Kp8We_fgJ9HAbZ3_uPUvGvf3mPIyk4YZVMX4ZhPu_7O5amSUmrf18Fk9fcoI97yabOb31MzTIj2VTukroGR97WQ9EunZiC-8jBHG5HQ0C,INE\População e Sociedade\População\Censo 2024\09. LUNDA NORTE QUADROS CENSO 2024.xlsx
População e Sociedade,População e Sociedade/População/Censo 2024,Decenal / censitário,10. LUNDA SUL QUADROS CENSO 2024.xlsx,xlsx,10165626,População e Sociedade/População/Censo 2024/10. LUNDA SUL QUADROS CENSO 2024.xlsx,https://www.ine.gov.ao/Diretorios/Ver?caminho=CfDJ8MbFyY-I7dRPifOgqdubFJ9IRPOCRFbhiN8JhmwTqWUfBA0tVn9ku_BFxoTwbU7ria3Kp8We_fgJ9HAbZ3_uPUvGvf3mPIyk4YZVMX4ZhPu_7O5amSUmrf18Fk9fcoI97yabOb31MzTIj2VTukroGR97WQ9EunZiC-8jBHG5HQ0C,INE\População e Sociedade\População\Censo 2024\10. LUNDA SUL QUADROS CENSO 2024.xlsx
População e Sociedade,População e Sociedade/População/Censo 2024,Decenal / censitário,11. MOXICO QUADROS CENSO 2024.xlsx,xlsx,1068290,População e Sociedade/População/Censo 2024/11. MOXICO QUADROS CENSO 2024.xlsx,https://www.ine.gov.ao/Diretorios/Ver?caminho=CfDJ8MbFyY-I7dRPifOgqdubFJ9IRPOCRFbhiN8JhmwTqWUfBA0tVn9ku_BFxoTwbU7ria3Kp8We_fgJ9HAbZ3_uPUvGvf3mPIyk4YZVMX4ZhPu_7O5amSUmrf18Fk9fcoI97yabOb31MzTIj2VTukroGR97WQ9EunZiC-8jBHG5HQ0C,INE\População e Sociedade\População\Censo 2024\11. MOXICO QUADROS CENSO 2024.xlsx
População e Sociedade,População e Sociedade/População/Censo 2024,Decenal / censitário,12. BIÉ QUADROS CENSO 2024.xlsx,xlsx,2689703,População e Sociedade/População/Censo 2024/12. BIÉ QUADROS CENSO 2024.xlsx,https://www.ine.gov.ao/Diretorios/Ver?caminho=CfDJ8MbFyY-I7dRPifOgqdubFJ9IRPOCRFbhiN8JhmwTqWUfBA0tVn9ku_BFxoTwbU7ria3Kp8We_fgJ9HAbZ3_uPUvGvf3mPIyk4YZVMX4ZhPu_7O5amSUmrf18Fk9fcoI97yabOb31MzTIj2VTukroGR97WQ9EunZiC-8jBHG5HQ0C,INE\População e Sociedade\População\Censo 2024\12. BIÉ QUADROS CENSO 2024.xlsx
População e Sociedade,População e Sociedade/População/Censo 2024,Decenal / censitário,13. HUAMBO QUADROS CENSO 2024.xlsx,xlsx,1150685,População e Sociedade/População/Censo 2024/13. HUAMBO QUADROS CENSO 2024.xlsx,https://www.ine.gov.ao/Diretorios/Ver?caminho=CfDJ8MbFyY-I7dRPifOgqdubFJ9IRPOCRFbhiN8JhmwTqWUfBA0tVn9ku_BFxoTwbU7ria3Kp8We_fgJ9HAbZ3_uPUvGvf3mPIyk4YZVMX4ZhPu_7O5amSUmrf18Fk9fcoI97yabOb31MzTIj2VTukroGR97WQ9EunZiC-8jBHG5HQ0C,INE\População e Sociedade\População\Censo 2024\13. HUAMBO QUADROS CENSO 2024.xlsx
População e Sociedade,População e Sociedade/População/Censo 2024,Decenal / censitário,14. BENGUELA QUADROS CENSO 2024.xlsx,xlsx,5262503,População e Sociedade/População/Censo 2024/14. BENGUELA QUADROS CENSO 2024.xlsx,https://www.ine.gov.ao/Diretorios/Ver?caminho=CfDJ8MbFyY-I7dRPifOgqdubFJ9IRPOCRFbhiN8JhmwTqWUfBA0tVn9ku_BFxoTwbU7ria3Kp8We_fgJ9HAbZ3_uPUvGvf3mPIyk4YZVMX4ZhPu_7O5amSUmrf18Fk9fcoI97yabOb31MzTIj2VTukroGR97WQ9EunZiC-8jBHG5HQ0C,INE\População e Sociedade\População\Censo 2024\14. BENGUELA QUADROS CENSO 2024.xlsx
População e Sociedade,População e Sociedade/População/Censo 2024,Decenal / censitário,15. NAMIBE QUADROS CENSO 2024.xlsx,xlsx,4577121,População e Sociedade/População/Censo 2024/15. NAMIBE QUADROS CENSO 2024.xlsx,https://www.ine.gov.ao/Diretorios/Ver?caminho=CfDJ8MbFyY-I7dRPifOgqdubFJ9IRPOCRFbhiN8JhmwTqWUfBA0tVn9ku_BFxoTwbU7ria3Kp8We_fgJ9HAbZ3_uPUvGvf3mPIyk4YZVMX4ZhPu_7O5amSUmrf18Fk9fcoI97yabOb31MzTIj2VTukroGR97WQ9EunZiC-8jBHG5HQ0C,INE\População e Sociedade\População\Censo 2024\15. NAMIBE QUADROS CENSO 2024.xlsx
População e Sociedade,População e Sociedade/População/Censo 2024,Decenal / censitário,16. HUÍLA QUADROS CENSO 2024.xlsx,xlsx,1488911,População e Sociedade/População/Censo 2024/16. HUÍLA QUADROS CENSO 2024.xlsx,https://www.ine.gov.ao/Diretorios/Ver?caminho=CfDJ8MbFyY-I7dRPifOgqdubFJ9IRPOCRFbhiN8JhmwTqWUfBA0tVn9ku_BFxoTwbU7ria3Kp8We_fgJ9HAbZ3_uPUvGvf3mPIyk4YZVMX4ZhPu_7O5amSUmrf18Fk9fcoI97yabOb31MzTIj2VTukroGR97WQ9EunZiC-8jBHG5HQ0C,INE\População e Sociedade\População\Censo 2024\16. HUÍLA QUADROS CENSO 2024.xlsx
População e Sociedade,População e Sociedade/População/Censo 2024,Decenal / censitário,17. CUNENE QUADROS CENSO 2024.xlsx,xlsx,1018885,População e Sociedade/População/Censo 2024/17. CUNENE QUADROS CENSO 2024.xlsx,https://www.ine.gov.ao/Diretorios/Ver?caminho=CfDJ8MbFyY-I7dRPifOgqdubFJ9IRPOCRFbhiN8JhmwTqWUfBA0tVn9ku_BFxoTwbU7ria3Kp8We_fgJ9HAbZ3_uPUvGvf3mPIyk4YZVMX4ZhPu_7O5amSUmrf18Fk9fcoI97yabOb31MzTIj2VTukroGR97WQ9EunZiC-8jBHG5HQ0C,INE\População e Sociedade\População\Censo 2024\17. CUNENE QUADROS CENSO 2024.xlsx
População e Sociedade,População e Sociedade/População/Censo 2024,Decenal / censitário,18. CUBANGO QUADROS CENSO 2024.xlsx,xlsx,993155,População e Sociedade/População/Censo 2024/18. CUBANGO QUADROS CENSO 2024.xlsx,https://www.ine.gov.ao/Diretorios/Ver?caminho=CfDJ8MbFyY-I7dRPifOgqdubFJ9IRPOCRFbhiN8JhmwTqWUfBA0tVn9ku_BFxoTwbU7ria3Kp8We_fgJ9HAbZ3_uPUvGvf3mPIyk4YZVMX4ZhPu_7O5amSUmrf18Fk9fcoI97yabOb31MzTIj2VTukroGR97WQ9EunZiC-8jBHG5HQ0C,INE\População e Sociedade\População\Censo 2024\18. CUBANGO QUADROS CENSO 2024.xlsx
População e Sociedade,População e Sociedade/População/Censo 2024,Decenal / censitário,19. ICOLO E BENGO QUADROS CENSO 2024.xlsx,xlsx,998572,População e Sociedade/População/Censo 2024/19. ICOLO E BENGO QUADROS CENSO 2024.xlsx,https://www.ine.gov.ao/Diretorios/Ver?caminho=CfDJ8MbFyY-I7dRPifOgqdubFJ9IRPOCRFbhiN8JhmwTqWUfBA0tVn9ku_BFxoTwbU7ria3Kp8We_fgJ9HAbZ3_uPUvGvf3mPIyk4YZVMX4ZhPu_7O5amSUmrf18Fk9fcoI97yabOb31MzTIj2VTukroGR97WQ9EunZiC-8jBHG5HQ0C,INE\População e Sociedade\População\Censo 2024\19. ICOLO E BENGO QUADROS CENSO 2024.xlsx
População e Sociedade,População e Sociedade/População/Censo 2024,Decenal / censitário,20. MOXICO LESTE QUADROS CENSO 2024.xlsx,xlsx,932481,População e Sociedade/População/Censo 2024/20. MOXICO LESTE QUADROS CENSO 2024.xlsx,https://www.ine.gov.ao/Diretorios/Ver?caminho=CfDJ8MbFyY-I7dRPifOgqdubFJ9IRPOCRFbhiN8JhmwTqWUfBA0tVn9ku_BFxoTwbU7ria3Kp8We_fgJ9HAbZ3_uPUvGvf3mPIyk4YZVMX4ZhPu_7O5amSUmrf18Fk9fcoI97yabOb31MzTIj2VTukroGR97WQ9EunZiC-8jBHG5HQ0C,INE\População e Sociedade\População\Censo 2024\20. MOXICO LESTE QUADROS CENSO 2024.xlsx
População e Sociedade,População e Sociedade/População/Censo 2024,Decenal / censitário,21. CUANDO QUADROS CENSO 2024.xlsx,xlsx,965074,População e Sociedade/População/Censo 2024/21. CUANDO QUADROS CENSO 2024.xlsx,https://www.ine.gov.ao/Diretorios/Ver?caminho=CfDJ8MbFyY-I7dRPifOgqdubFJ9IRPOCRFbhiN8JhmwTqWUfBA0tVn9ku_BFxoTwbU7ria3Kp8We_fgJ9HAbZ3_uPUvGvf3mPIyk4YZVMX4ZhPu_7O5amSUmrf18Fk9fcoI97yabOb31MzTIj2VTukroGR97WQ9EunZiC-8jBHG5HQ0C,INE\População e Sociedade\População\Censo 2024\21. CUANDO QUADROS CENSO 2024.xlsx
População e Sociedade,População e Sociedade/População/Censo 2024,Decenal / censitário,QUADROS ANEXOS DOS RESULTADOS DEFINITIVOS RGPH 2024.xlsx,xlsx,5984025,População e Sociedade/População/Censo 2024/QUADROS ANEXOS DOS RESULTADOS DEFINITIVOS RGPH 2024.xlsx,https://www.ine.gov.ao/Diretorios/Ver?caminho=CfDJ8MbFyY-I7dRPifOgqdubFJ9IRPOCRFbhiN8JhmwTqWUfBA0tVn9ku_BFxoTwbU7ria3Kp8We_fgJ9HAbZ3_uPUvGvf3mPIyk4YZVMX4ZhPu_7O5amSUmrf18Fk9fcoI97yabOb31MzTIj2VTukroGR97WQ9EunZiC-8jBHG5HQ0C,INE\População e Sociedade\População\Censo 2024\QUADROS ANEXOS DOS RESULTADOS DEFINITIVOS RGPH 2024.xlsx
População e Sociedade,População e Sociedade/População/Censo 2024,Decenal / censitário,QUADROS ANEXOS PARA O RELATÓRIO SÍNTESE RGPH 2024.xlsx,xlsx,246028,População e Sociedade/População/Censo 2024/QUADROS ANEXOS PARA O RELATÓRIO SÍNTESE RGPH 2024.xlsx,https://www.ine.gov.ao/Diretorios/Ver?caminho=CfDJ8MbFyY-I7dRPifOgqdubFJ9IRPOCRFbhiN8JhmwTqWUfBA0tVn9ku_BFxoTwbU7ria3Kp8We_fgJ9HAbZ3_uPUvGvf3mPIyk4YZVMX4ZhPu_7O5amSUmrf18Fk9fcoI97yabOb31MzTIj2VTukroGR97WQ9EunZiC-8jBHG5HQ0C,INE\População e Sociedade\População\Censo 2024\QUADROS ANEXOS PARA O RELATÓRIO SÍNTESE RGPH 2024.xlsx
População e Sociedade,População e Sociedade/População/Estimativas da População 2025 - 2027,Não especificada no portal,"00. ESTIMATIVA DA POPULAÇÃO POR PROVÍNCIA E GRUPO ETÁRIO, 2025-2027_Angola.xlsx",xlsx,50797,"População e Sociedade/População/Estimativas da População 2025 - 2027/00. ESTIMATIVA DA POPULAÇÃO POR PROVÍNCIA E GRUPO ETÁRIO, 2025-2027_Angola.xlsx",https://www.ine.gov.ao/Diretorios/Ver?caminho=CfDJ8MbFyY-I7dRPifOgqdubFJ-4iZEm4qRAtPfWDlcdzZXeYCpepO3N-UWToFmLL3BSZujMHqwS6VzPWJkCwNAiJlsMF68YeQP8NECF-XjbW1xUdmj0LSWfu_o4CGx07i9SJTnGLLi1ag8_o3sqiwXkHrxKpMRdZQFJx6-gaby4ZXQIxLfWGkANxM13Eu1OzoufVmBF_bbJ1lmyRuZ_x4F8SwE,"INE\População e Sociedade\População\Estimativas da População 2025 - 2027\00. ESTIMATIVA DA POPULAÇÃO POR PROVÍNCIA E GRUPO ETÁRIO, 2025-2027_Angola.xlsx"
População e Sociedade,População e Sociedade/População/Estimativas da População 2025 - 2027,Não especificada no portal,01. ESTIMATIVA DA POPULAÇÃO POR GRUPOS ETÁRIOS 2025-2027 Cabinda.xlsx,xlsx,885409,População e Sociedade/População/Estimativas da População 2025 - 2027/01. ESTIMATIVA DA POPULAÇÃO POR GRUPOS ETÁRIOS 2025-2027 Cabinda.xlsx,https://www.ine.gov.ao/Diretorios/Ver?caminho=CfDJ8MbFyY-I7dRPifOgqdubFJ-4iZEm4qRAtPfWDlcdzZXeYCpepO3N-UWToFmLL3BSZujMHqwS6VzPWJkCwNAiJlsMF68YeQP8NECF-XjbW1xUdmj0LSWfu_o4CGx07i9SJTnGLLi1ag8_o3sqiwXkHrxKpMRdZQFJx6-gaby4ZXQIxLfWGkANxM13Eu1OzoufVmBF_bbJ1lmyRuZ_x4F8SwE,INE\População e Sociedade\População\Estimativas da População 2025 - 2027\01. ESTIMATIVA DA POPULAÇÃO POR GRUPOS ETÁRIOS 2025-2027 Cabinda.xlsx
População e Sociedade,População e Sociedade/População/Estimativas da População 2025 - 2027,Não especificada no portal,02. ESTIMATIVA DA POPULAÇÃO POR GRUPOS ETÁRIOS 2025-2027_Zaire..xlsx,xlsx,386916,População e Sociedade/População/Estimativas da População 2025 - 2027/02. ESTIMATIVA DA POPULAÇÃO POR GRUPOS ETÁRIOS 2025-2027_Zaire..xlsx,https://www.ine.gov.ao/Diretorios/Ver?caminho=CfDJ8MbFyY-I7dRPifOgqdubFJ-4iZEm4qRAtPfWDlcdzZXeYCpepO3N-UWToFmLL3BSZujMHqwS6VzPWJkCwNAiJlsMF68YeQP8NECF-XjbW1xUdmj0LSWfu_o4CGx07i9SJTnGLLi1ag8_o3sqiwXkHrxKpMRdZQFJx6-gaby4ZXQIxLfWGkANxM13Eu1OzoufVmBF_bbJ1lmyRuZ_x4F8SwE,INE\População e Sociedade\População\Estimativas da População 2025 - 2027\02. ESTIMATIVA DA POPULAÇÃO POR GRUPOS ETÁRIOS 2025-2027_Zaire..xlsx
População e Sociedade,População e Sociedade/População/Estimativas da População 2025 - 2027,Não especificada no portal,03. ESTIMATIVA DA POPULAÇÃO POR GRUPOS ETÁRIOS 2025_2027_Uíge.xlsx,xlsx,304221,População e Sociedade/População/Estimativas da População 2025 - 2027/03. ESTIMATIVA DA POPULAÇÃO POR GRUPOS ETÁRIOS 2025_2027_Uíge.xlsx,https://www.ine.gov.ao/Diretorios/Ver?caminho=CfDJ8MbFyY-I7dRPifOgqdubFJ-4iZEm4qRAtPfWDlcdzZXeYCpepO3N-UWToFmLL3BSZujMHqwS6VzPWJkCwNAiJlsMF68YeQP8NECF-XjbW1xUdmj0LSWfu_o4CGx07i9SJTnGLLi1ag8_o3sqiwXkHrxKpMRdZQFJx6-gaby4ZXQIxLfWGkANxM13Eu1OzoufVmBF_bbJ1lmyRuZ_x4F8SwE,INE\População e Sociedade\População\Estimativas da População 2025 - 2027\03. ESTIMATIVA DA POPULAÇÃO POR GRUPOS ETÁRIOS 2025_2027_Uíge.xlsx
População e Sociedade,População e Sociedade/População/Estimativas da População 2025 - 2027,Não especificada no portal,04. ESTIMATIVA DA POPULAÇÃO POR GRUPOS ETÁRIOS 2025-2027_Bengo.xlsx,xlsx,190604,População e Sociedade/População/Estimativas da População 2025 - 2027/04. ESTIMATIVA DA POPULAÇÃO POR GRUPOS ETÁRIOS 2025-2027_Bengo.xlsx,https://www.ine.gov.ao/Diretorios/Ver?caminho=CfDJ8MbFyY-I7dRPifOgqdubFJ-4iZEm4qRAtPfWDlcdzZXeYCpepO3N-UWToFmLL3BSZujMHqwS6VzPWJkCwNAiJlsMF68YeQP8NECF-XjbW1xUdmj0LSWfu_o4CGx07i9SJTnGLLi1ag8_o3sqiwXkHrxKpMRdZQFJx6-gaby4ZXQIxLfWGkANxM13Eu1OzoufVmBF_bbJ1lmyRuZ_x4F8SwE,INE\População e Sociedade\População\Estimativas da População 2025 - 2027\04. ESTIMATIVA DA POPULAÇÃO POR GRUPOS ETÁRIOS 2025-2027_Bengo.xlsx
População e Sociedade,População e Sociedade/População/Estimativas da População 2025 - 2027,Não especificada no portal,05. ESTIMATIVA DA POPULAÇÃO POR GRUPOS ETÁRIOS 2025-2027_Luanda.xlsx,xlsx,167111,População e Sociedade/População/Estimativas da População 2025 - 2027/05. ESTIMATIVA DA POPULAÇÃO POR GRUPOS ETÁRIOS 2025-2027_Luanda.xlsx,https://www.ine.gov.ao/Diretorios/Ver?caminho=CfDJ8MbFyY-I7dRPifOgqdubFJ-4iZEm4qRAtPfWDlcdzZXeYCpepO3N-UWToFmLL3BSZujMHqwS6VzPWJkCwNAiJlsMF68YeQP8NECF-XjbW1xUdmj0LSWfu_o4CGx07i9SJTnGLLi1ag8_o3sqiwXkHrxKpMRdZQFJx6-gaby4ZXQIxLfWGkANxM13Eu1OzoufVmBF_bbJ1lmyRuZ_x4F8SwE,INE\População e Sociedade\População\Estimativas da População 2025 - 2027\05. ESTIMATIVA DA POPULAÇÃO POR GRUPOS ETÁRIOS 2025-2027_Luanda.xlsx
População e Sociedade,População e Sociedade/População/Estimativas da População 2025 - 2027,Não especificada no portal,06. ESTIMATIVA DA POPULAÇÃO POR GRUPOS ETÁRIOS 2025-2027_Cuanza Norte.xlsx,xlsx,263273,População e Sociedade/População/Estimativas da População 2025 - 2027/06. ESTIMATIVA DA POPULAÇÃO POR GRUPOS ETÁRIOS 2025-2027_Cuanza Norte.xlsx,https://www.ine.gov.ao/Diretorios/Ver?caminho=CfDJ8MbFyY-I7dRPifOgqdubFJ-4iZEm4qRAtPfWDlcdzZXeYCpepO3N-UWToFmLL3BSZujMHqwS6VzPWJkCwNAiJlsMF68YeQP8NECF-XjbW1xUdmj0LSWfu_o4CGx07i9SJTnGLLi1ag8_o3sqiwXkHrxKpMRdZQFJx6-gaby4ZXQIxLfWGkANxM13Eu1OzoufVmBF_bbJ1lmyRuZ_x4F8SwE,INE\População e Sociedade\População\Estimativas da População 2025 - 2027\06. ESTIMATIVA DA POPULAÇÃO POR GRUPOS ETÁRIOS 2025-2027_Cuanza Norte.xlsx
População e Sociedade,População e Sociedade/População/Estimativas da População 2025 - 2027,Não especificada no portal,07. ESTIMATIVA DA POPULAÇÃO POR GRUPOS ETÁRIOS 2025-2027_Cuanza Sul.xlsx,xlsx,357375,População e Sociedade/População/Estimativas da População 2025 - 2027/07. ESTIMATIVA DA POPULAÇÃO POR GRUPOS ETÁRIOS 2025-2027_Cuanza Sul.xlsx,https://www.ine.gov.ao/Diretorios/Ver?caminho=CfDJ8MbFyY-I7dRPifOgqdubFJ-4iZEm4qRAtPfWDlcdzZXeYCpepO3N-UWToFmLL3BSZujMHqwS6VzPWJkCwNAiJlsMF68YeQP8NECF-XjbW1xUdmj0LSWfu_o4CGx07i9SJTnGLLi1ag8_o3sqiwXkHrxKpMRdZQFJx6-gaby4ZXQIxLfWGkANxM13Eu1OzoufVmBF_bbJ1lmyRuZ_x4F8SwE,INE\População e Sociedade\População\Estimativas da População 2025 - 2027\07. ESTIMATIVA DA POPULAÇÃO POR GRUPOS ETÁRIOS 2025-2027_Cuanza Sul.xlsx
População e Sociedade,População e Sociedade/População/Estimativas da População 2025 - 2027,Não especificada no portal,08. ESTIMATIVA DA POPULAÇÃO POR GRUPOS ETÁRIOS 2025-2027 Malanje.xlsx,xlsx,338359,População e Sociedade/População/Estimativas da População 2025 - 2027/08. ESTIMATIVA DA POPULAÇÃO POR GRUPOS ETÁRIOS 2025-2027 Malanje.xlsx,https://www.ine.gov.ao/Diretorios/Ver?caminho=CfDJ8MbFyY-I7dRPifOgqdubFJ-4iZEm4qRAtPfWDlcdzZXeYCpepO3N-UWToFmLL3BSZujMHqwS6VzPWJkCwNAiJlsMF68YeQP8NECF-XjbW1xUdmj0LSWfu_o4CGx07i9SJTnGLLi1ag8_o3sqiwXkHrxKpMRdZQFJx6-gaby4ZXQIxLfWGkANxM13Eu1OzoufVmBF_bbJ1lmyRuZ_x4F8SwE,INE\População e Sociedade\População\Estimativas da População 2025 - 2027\08. ESTIMATIVA DA POPULAÇÃO POR GRUPOS ETÁRIOS 2025-2027 Malanje.xlsx
População e Sociedade,População e Sociedade/População/Estimativas da População 2025 - 2027,Não especificada no portal,09. ESTIMATIVA DA POPULAÇÃO  POR GRUPOS ETÁRIOS 2025-2027_Lunda Norte.xlsx,xlsx,303383,População e Sociedade/População/Estimativas da População 2025 - 2027/09. ESTIMATIVA DA POPULAÇÃO  POR GRUPOS ETÁRIOS 2025-2027_Lunda Norte.xlsx,https://www.ine.gov.ao/Diretorios/Ver?caminho=CfDJ8MbFyY-I7dRPifOgqdubFJ-4iZEm4qRAtPfWDlcdzZXeYCpepO3N-UWToFmLL3BSZujMHqwS6VzPWJkCwNAiJlsMF68YeQP8NECF-XjbW1xUdmj0LSWfu_o4CGx07i9SJTnGLLi1ag8_o3sqiwXkHrxKpMRdZQFJx6-gaby4ZXQIxLfWGkANxM13Eu1OzoufVmBF_bbJ1lmyRuZ_x4F8SwE,INE\População e Sociedade\População\Estimativas da População 2025 - 2027\09. ESTIMATIVA DA POPULAÇÃO POR GRUPOS ETÁRIOS 2025-2027_Lunda Norte.xlsx
População e Sociedade,População e Sociedade/População/Estimativas da População 2025 - 2027,Não especificada no portal,10. ESTIMATIVA DA POPULAÇÃO POR GRUPOS ETÁRIOS 2025-2027_Lunda Sul.xlsx,xlsx,217188,População e Sociedade/População/Estimativas da População 2025 - 2027/10. ESTIMATIVA DA POPULAÇÃO POR GRUPOS ETÁRIOS 2025-2027_Lunda Sul.xlsx,https://www.ine.gov.ao/Diretorios/Ver?caminho=CfDJ8MbFyY-I7dRPifOgqdubFJ-4iZEm4qRAtPfWDlcdzZXeYCpepO3N-UWToFmLL3BSZujMHqwS6VzPWJkCwNAiJlsMF68YeQP8NECF-XjbW1xUdmj0LSWfu_o4CGx07i9SJTnGLLi1ag8_o3sqiwXkHrxKpMRdZQFJx6-gaby4ZXQIxLfWGkANxM13Eu1OzoufVmBF_bbJ1lmyRuZ_x4F8SwE,INE\População e Sociedade\População\Estimativas da População 2025 - 2027\10. ESTIMATIVA DA POPULAÇÃO POR GRUPOS ETÁRIOS 2025-2027_Lunda Sul.xlsx
População e Sociedade,População e Sociedade/População/Estimativas da População 2025 - 2027,Não especificada no portal,11. ESTIMATIVA DA POPULAÇÃO POR GRUPOS ETÁRIOS 2025-2027_Moxico.xlsx,xlsx,401172,População e Sociedade/População/Estimativas da População 2025 - 2027/11. ESTIMATIVA DA POPULAÇÃO POR GRUPOS ETÁRIOS 2025-2027_Moxico.xlsx,https://www.ine.gov.ao/Diretorios/Ver?caminho=CfDJ8MbFyY-I7dRPifOgqdubFJ-4iZEm4qRAtPfWDlcdzZXeYCpepO3N-UWToFmLL3BSZujMHqwS6VzPWJkCwNAiJlsMF68YeQP8NECF-XjbW1xUdmj0LSWfu_o4CGx07i9SJTnGLLi1ag8_o3sqiwXkHrxKpMRdZQFJx6-gaby4ZXQIxLfWGkANxM13Eu1OzoufVmBF_bbJ1lmyRuZ_x4F8SwE,INE\População e Sociedade\População\Estimativas da População 2025 - 2027\11. ESTIMATIVA DA POPULAÇÃO POR GRUPOS ETÁRIOS 2025-2027_Moxico.xlsx
População e Sociedade,População e Sociedade/População/Estimativas da População 2025 - 2027,Não especificada no portal,12. ESTIMATIVA DA POPULAÇÃO POR GRUPOS ETÁRIOS 2025-2027 Bié.xlsx,xlsx,258737,População e Sociedade/População/Estimativas da População 2025 - 2027/12. ESTIMATIVA DA POPULAÇÃO POR GRUPOS ETÁRIOS 2025-2027 Bié.xlsx,https://www.ine.gov.ao/Diretorios/Ver?caminho=CfDJ8MbFyY-I7dRPifOgqdubFJ-4iZEm4qRAtPfWDlcdzZXeYCpepO3N-UWToFmLL3BSZujMHqwS6VzPWJkCwNAiJlsMF68YeQP8NECF-XjbW1xUdmj0LSWfu_o4CGx07i9SJTnGLLi1ag8_o3sqiwXkHrxKpMRdZQFJx6-gaby4ZXQIxLfWGkANxM13Eu1OzoufVmBF_bbJ1lmyRuZ_x4F8SwE,INE\População e Sociedade\População\Estimativas da População 2025 - 2027\12. ESTIMATIVA DA POPULAÇÃO POR GRUPOS ETÁRIOS 2025-2027 Bié.xlsx
População e Sociedade,População e Sociedade/População/Estimativas da População 2025 - 2027,Não especificada no portal,13. ESTIMATIVA DA POPULAÇÃO POR GRUPOS ETÁRIOS 2025-2027_Huambo.xlsx,xlsx,265653,População e Sociedade/População/Estimativas da População 2025 - 2027/13. ESTIMATIVA DA POPULAÇÃO POR GRUPOS ETÁRIOS 2025-2027_Huambo.xlsx,https://www.ine.gov.ao/Diretorios/Ver?caminho=CfDJ8MbFyY-I7dRPifOgqdubFJ-4iZEm4qRAtPfWDlcdzZXeYCpepO3N-UWToFmLL3BSZujMHqwS6VzPWJkCwNAiJlsMF68YeQP8NECF-XjbW1xUdmj0LSWfu_o4CGx07i9SJTnGLLi1ag8_o3sqiwXkHrxKpMRdZQFJx6-gaby4ZXQIxLfWGkANxM13Eu1OzoufVmBF_bbJ1lmyRuZ_x4F8SwE,INE\População e Sociedade\População\Estimativas da População 2025 - 2027\13. ESTIMATIVA DA POPULAÇÃO POR GRUPOS ETÁRIOS 2025-2027_Huambo.xlsx
População e Sociedade,População e Sociedade/População/Estimativas da População 2025 - 2027,Não especificada no portal,14. ESTIMATIVA DA POPULAÇÃO POR GRUPOS ETÁRIOS 2025-2027_Benguela.xlsx,xlsx,317408,População e Sociedade/População/Estimativas da População 2025 - 2027/14. ESTIMATIVA DA POPULAÇÃO POR GRUPOS ETÁRIOS 2025-2027_Benguela.xlsx,https://www.ine.gov.ao/Diretorios/Ver?caminho=CfDJ8MbFyY-I7dRPifOgqdubFJ-4iZEm4qRAtPfWDlcdzZXeYCpepO3N-UWToFmLL3BSZujMHqwS6VzPWJkCwNAiJlsMF68YeQP8NECF-XjbW1xUdmj0LSWfu_o4CGx07i9SJTnGLLi1ag8_o3sqiwXkHrxKpMRdZQFJx6-gaby4ZXQIxLfWGkANxM13Eu1OzoufVmBF_bbJ1lmyRuZ_x4F8SwE,INE\População e Sociedade\População\Estimativas da População 2025 - 2027\14. ESTIMATIVA DA POPULAÇÃO POR GRUPOS ETÁRIOS 2025-2027_Benguela.xlsx
População e Sociedade,População e Sociedade/População/Estimativas da População 2025 - 2027,Não especificada no portal,15. ESTIMATIVA DA POPULAÇÃO POR GRUPOS ETÁRIOS 2025-2027 Namibe.xlsx,xlsx,138451,População e Sociedade/População/Estimativas da População 2025 - 2027/15. ESTIMATIVA DA POPULAÇÃO POR GRUPOS ETÁRIOS 2025-2027 Namibe.xlsx,https://www.ine.gov.ao/Diretorios/Ver?caminho=CfDJ8MbFyY-I7dRPifOgqdubFJ-4iZEm4qRAtPfWDlcdzZXeYCpepO3N-UWToFmLL3BSZujMHqwS6VzPWJkCwNAiJlsMF68YeQP8NECF-XjbW1xUdmj0LSWfu_o4CGx07i9SJTnGLLi1ag8_o3sqiwXkHrxKpMRdZQFJx6-gaby4ZXQIxLfWGkANxM13Eu1OzoufVmBF_bbJ1lmyRuZ_x4F8SwE,INE\População e Sociedade\População\Estimativas da População 2025 - 2027\15. ESTIMATIVA DA POPULAÇÃO POR GRUPOS ETÁRIOS 2025-2027 Namibe.xlsx
População e Sociedade,População e Sociedade/População/Estimativas da População 2025 - 2027,Não especificada no portal,16. ESTIMATIVA DA POPULAÇÃO POR GRUPOS ETÁRIOS 2025-2027_ Huíla.xlsx,xlsx,348971,População e Sociedade/População/Estimativas da População 2025 - 2027/16. ESTIMATIVA DA POPULAÇÃO POR GRUPOS ETÁRIOS 2025-2027_ Huíla.xlsx,https://www.ine.gov.ao/Diretorios/Ver?caminho=CfDJ8MbFyY-I7dRPifOgqdubFJ-4iZEm4qRAtPfWDlcdzZXeYCpepO3N-UWToFmLL3BSZujMHqwS6VzPWJkCwNAiJlsMF68YeQP8NECF-XjbW1xUdmj0LSWfu_o4CGx07i9SJTnGLLi1ag8_o3sqiwXkHrxKpMRdZQFJx6-gaby4ZXQIxLfWGkANxM13Eu1OzoufVmBF_bbJ1lmyRuZ_x4F8SwE,INE\População e Sociedade\População\Estimativas da População 2025 - 2027\16. ESTIMATIVA DA POPULAÇÃO POR GRUPOS ETÁRIOS 2025-2027_ Huíla.xlsx
População e Sociedade,População e Sociedade/População/Estimativas da População 2025 - 2027,Não especificada no portal,17. ESTIMATIVA DA POPULAÇÃO POR GRUPOS ETÁRIOS 2025-2027_Cunene.xlsx,xlsx,220470,População e Sociedade/População/Estimativas da População 2025 - 2027/17. ESTIMATIVA DA POPULAÇÃO POR GRUPOS ETÁRIOS 2025-2027_Cunene.xlsx,https://www.ine.gov.ao/Diretorios/Ver?caminho=CfDJ8MbFyY-I7dRPifOgqdubFJ-4iZEm4qRAtPfWDlcdzZXeYCpepO3N-UWToFmLL3BSZujMHqwS6VzPWJkCwNAiJlsMF68YeQP8NECF-XjbW1xUdmj0LSWfu_o4CGx07i9SJTnGLLi1ag8_o3sqiwXkHrxKpMRdZQFJx6-gaby4ZXQIxLfWGkANxM13Eu1OzoufVmBF_bbJ1lmyRuZ_x4F8SwE,INE\População e Sociedade\População\Estimativas da População 2025 - 2027\17. ESTIMATIVA DA POPULAÇÃO POR GRUPOS ETÁRIOS 2025-2027_Cunene.xlsx
População e Sociedade,População e Sociedade/População/Estimativas da População 2025 - 2027,Não especificada no portal,18. ESTIMATIVA DA POPULAÇÃO POR GRUPOS ETÁRIOS 2025_2027_Cubango.xlsx,xlsx,149092,População e Sociedade/População/Estimativas da População 2025 - 2027/18. ESTIMATIVA DA POPULAÇÃO POR GRUPOS ETÁRIOS 2025_2027_Cubango.xlsx,https://www.ine.gov.ao/Diretorios/Ver?caminho=CfDJ8MbFyY-I7dRPifOgqdubFJ-4iZEm4qRAtPfWDlcdzZXeYCpepO3N-UWToFmLL3BSZujMHqwS6VzPWJkCwNAiJlsMF68YeQP8NECF-XjbW1xUdmj0LSWfu_o4CGx07i9SJTnGLLi1ag8_o3sqiwXkHrxKpMRdZQFJx6-gaby4ZXQIxLfWGkANxM13Eu1OzoufVmBF_bbJ1lmyRuZ_x4F8SwE,INE\População e Sociedade\População\Estimativas da População 2025 - 2027\18. ESTIMATIVA DA POPULAÇÃO POR GRUPOS ETÁRIOS 2025_2027_Cubango.xlsx
População e Sociedade,População e Sociedade/População/Estimativas da População 2025 - 2027,Não especificada no portal,19. ESTIMATIVA DA POPULAÇÃO POR GRUPOS ETÁRIOS 2025-2027_Icolo e Bengo.xlsx,xlsx,113373,População e Sociedade/População/Estimativas da População 2025 - 2027/19. ESTIMATIVA DA POPULAÇÃO POR GRUPOS ETÁRIOS 2025-2027_Icolo e Bengo.xlsx,https://www.ine.gov.ao/Diretorios/Ver?caminho=CfDJ8MbFyY-I7dRPifOgqdubFJ-4iZEm4qRAtPfWDlcdzZXeYCpepO3N-UWToFmLL3BSZujMHqwS6VzPWJkCwNAiJlsMF68YeQP8NECF-XjbW1xUdmj0LSWfu_o4CGx07i9SJTnGLLi1ag8_o3sqiwXkHrxKpMRdZQFJx6-gaby4ZXQIxLfWGkANxM13Eu1OzoufVmBF_bbJ1lmyRuZ_x4F8SwE,INE\População e Sociedade\População\Estimativas da População 2025 - 2027\19. ESTIMATIVA DA POPULAÇÃO POR GRUPOS ETÁRIOS 2025-2027_Icolo e Bengo.xlsx
População e Sociedade,População e Sociedade/População/Estimativas da População 2025 - 2027,Não especificada no portal,20. ESTIMATIVA DA POPULAÇÃO POR GRUPOS ETÁRIOS 2025-2027_Moxico Leste.xlsx,xlsx,145938,População e Sociedade/População/Estimativas da População 2025 - 2027/20. ESTIMATIVA DA POPULAÇÃO POR GRUPOS ETÁRIOS 2025-2027_Moxico Leste.xlsx,https://www.ine.gov.ao/Diretorios/Ver?caminho=CfDJ8MbFyY-I7dRPifOgqdubFJ-4iZEm4qRAtPfWDlcdzZXeYCpepO3N-UWToFmLL3BSZujMHqwS6VzPWJkCwNAiJlsMF68YeQP8NECF-XjbW1xUdmj0LSWfu_o4CGx07i9SJTnGLLi1ag8_o3sqiwXkHrxKpMRdZQFJx6-gaby4ZXQIxLfWGkANxM13Eu1OzoufVmBF_bbJ1lmyRuZ_x4F8SwE,INE\População e Sociedade\População\Estimativas da População 2025 - 2027\20. ESTIMATIVA DA POPULAÇÃO POR GRUPOS ETÁRIOS 2025-2027_Moxico Leste.xlsx
População e Sociedade,População e Sociedade/População/Estimativas da População 2025 - 2027,Não especificada no portal,21. ESTIMATIVA DA POPULAÇÃO POR GRUPOS ETÁRIOS 2025-2027 Cuando.xlsx,xlsx,882658,População e Sociedade/População/Estimativas da População 2025 - 2027/21. ESTIMATIVA DA POPULAÇÃO POR GRUPOS ETÁRIOS 2025-2027 Cuando.xlsx,https://www.ine.gov.ao/Diretorios/Ver?caminho=CfDJ8MbFyY-I7dRPifOgqdubFJ-4iZEm4qRAtPfWDlcdzZXeYCpepO3N-UWToFmLL3BSZujMHqwS6VzPWJkCwNAiJlsMF68YeQP8NECF-XjbW1xUdmj0LSWfu_o4CGx07i9SJTnGLLi1ag8_o3sqiwXkHrxKpMRdZQFJx6-gaby4ZXQIxLfWGkANxM13Eu1OzoufVmBF_bbJ1lmyRuZ_x4F8SwE,INE\População e Sociedade\População\Estimativas da População 2025 - 2027\21. ESTIMATIVA DA POPULAÇÃO POR GRUPOS ETÁRIOS 2025-2027 Cuando.xlsx
População e Sociedade,População e Sociedade/População/Projecções da População,Não especificada no portal,POPULAÇÃO 1940_2025.xlsx,xlsx,12854,População e Sociedade/População/Projecções da População/POPULAÇÃO 1940_2025.xlsx,https://www.ine.gov.ao/Diretorios/Ver?caminho=CfDJ8MbFyY-I7dRPifOgqdubFJ9uSDfGmObZFgRFGfWIgjXK4CuHUMjUmKOBUGuRMyjDvN7KG3_ToD19JGSXi209aNPlIevi3m1aeRH3DAhG3a1hTbYgGU7GjQlaTWbh819-eHi60aHahiV7RAejBPM7er7BLKGaz7qa2M7mAyDwbaYh2L6A7Cz0bJaNnBqCnvdCrQ,INE\População e Sociedade\População\Projecções da População\POPULAÇÃO 1940_2025.xlsx
População e Sociedade,População e Sociedade/População/Projecções da População,Não especificada no portal,POPULAÇÃO PROJECTADA POR GRUPOS ETÁRIOS 2014-2050.xlsx,xlsx,1740286,População e Sociedade/População/Projecções da População/POPULAÇÃO PROJECTADA POR GRUPOS ETÁRIOS 2014-2050.xlsx,https://www.ine.gov.ao/Diretorios/Ver?caminho=CfDJ8MbFyY-I7dRPifOgqdubFJ9uSDfGmObZFgRFGfWIgjXK4CuHUMjUmKOBUGuRMyjDvN7KG3_ToD19JGSXi209aNPlIevi3m1aeRH3DAhG3a1hTbYgGU7GjQlaTWbh819-eHi60aHahiV7RAejBPM7er7BLKGaz7qa2M7mAyDwbaYh2L6A7Cz0bJaNnBqCnvdCrQ,INE\População e Sociedade\População\Projecções da População\POPULAÇÃO PROJECTADA POR GRUPOS ETÁRIOS 2014-2050.xlsx
População e Sociedade,População e Sociedade/População/Projecções da População,Não especificada no portal,POPULAÇÃO PROJECTADA POR MUNICÍPIOS 2015-2024.xlsx,xlsx,162712,População e Sociedade/População/Projecções da População/POPULAÇÃO PROJECTADA POR MUNICÍPIOS 2015-2024.xlsx,https://www.ine.gov.ao/Diretorios/Ver?caminho=CfDJ8MbFyY-I7dRPifOgqdubFJ9uSDfGmObZFgRFGfWIgjXK4CuHUMjUmKOBUGuRMyjDvN7KG3_ToD19JGSXi209aNPlIevi3m1aeRH3DAhG3a1hTbYgGU7GjQlaTWbh819-eHi60aHahiV7RAejBPM7er7BLKGaz7qa2M7mAyDwbaYh2L6A7Cz0bJaNnBqCnvdCrQ,INE\População e Sociedade\População\Projecções da População\POPULAÇÃO PROJECTADA POR MUNICÍPIOS 2015-2024.xlsx
População e Sociedade,População e Sociedade/População/Projecções da População,Não especificada no portal,"POPULAÇÃO PROJECTADA POR PROVÍNCIAS, SEGUNDO O SEXO 2014-2050.xlsx",xlsx,79074,"População e Sociedade/População/Projecções da População/POPULAÇÃO PROJECTADA POR PROVÍNCIAS, SEGUNDO O SEXO 2014-2050.xlsx",https://www.ine.gov.ao/Diretorios/Ver?caminho=CfDJ8MbFyY-I7dRPifOgqdubFJ9uSDfGmObZFgRFGfWIgjXK4CuHUMjUmKOBUGuRMyjDvN7KG3_ToD19JGSXi209aNPlIevi3m1aeRH3DAhG3a1hTbYgGU7GjQlaTWbh819-eHi60aHahiV7RAejBPM7er7BLKGaz7qa2M7mAyDwbaYh2L6A7Cz0bJaNnBqCnvdCrQ,"INE\População e Sociedade\População\Projecções da População\POPULAÇÃO PROJECTADA POR PROVÍNCIAS, SEGUNDO O SEXO 2014-2050.xlsx"
População e Sociedade,População e Sociedade/População/Projecções da População,Não especificada no portal,Quadros - Tendências do Crescimento Populacional em Angola.xlsx,xlsx,73269,População e Sociedade/População/Projecções da População/Quadros - Tendências do Crescimento Populacional em Angola.xlsx,https://www.ine.gov.ao/Diretorios/Ver?caminho=CfDJ8MbFyY-I7dRPifOgqdubFJ9uSDfGmObZFgRFGfWIgjXK4CuHUMjUmKOBUGuRMyjDvN7KG3_ToD19JGSXi209aNPlIevi3m1aeRH3DAhG3a1hTbYgGU7GjQlaTWbh819-eHi60aHahiV7RAejBPM7er7BLKGaz7qa2M7mAyDwbaYh2L6A7Cz0bJaNnBqCnvdCrQ,INE\População e Sociedade\População\Projecções da População\Quadros - Tendências do Crescimento Populacional em Angola.xlsx
População e Sociedade,População e Sociedade/Uso do Tempo,Inquérito / irregular,QUADROS DO USO DO TEMPO 2022.xls,xls,1509376,População e Sociedade/Uso do Tempo/QUADROS DO USO DO TEMPO 2022.xls,https://www.ine.gov.ao/Diretorios/Ver?caminho=CfDJ8MbFyY-I7dRPifOgqdubFJ8WD8z03nuEzjeVl9EHVJ3qowEcQW4UbBeNGMqH3TIFbQdaj3ay4Qt8RWb6e9R3lSdHoFLdIEYNi6KT0xkPVU8gqa07fswEvtUoYQ3auPTragPjghjwilBsbfkuVAMTYrwGdQ86HJVX-VTjP5YgPg9J,INE\População e Sociedade\Uso do Tempo\QUADROS DO USO DO TEMPO 2022.xls
